RazaoSocial;UF;Total_Despesas;Media_Despesas_Trimestre;Desvio_Padrao_Despesas
;;1287276517699.60;429092172566.53;22995837306.70
AMIL ASSISTÊNCIA MÉDICA INTERNACIONAL S.A.;SP;368624575879.52;122874858626.51;13854669666.50
NOTRE DAME INTERMÉDICA SAÚDE S.A.;SP;202440104310.72;67480034770.24;5374053773.65
HAPVIDA ASSISTENCIA MEDICA S.A.;CE;201482257084.32;67160752361.44;14282460428.21
UNIMED NACIONAL - COOPERATIVA CENTRAL;SP;120345938604.16;40115312868.05;2832354302.56
UNIMED BELO HORIZONTE COOPERATIVA DE TRABALHO MÉDICO;MG;110057346943.36;36685782314.45;3604245816.12
CAIXA DE ASSISTÊNCIA DOS FUNCIONÁRIOS DO BANCO DO BRASIL;DF;105706354288.48;35235451429.49;1304444150.61
GEAP AUTOGESTÃO EM SAÚDE;DF;73345849418.24;24448616472.75;3147882390.54
UNIMED PORTO ALEGRE - COOPERATIVA MÉDICA LTDA.;RS;64023471847.18;21341157282.39;800143604.09
UNIMED DO EST. DO RJ FEDERAÇÃO EST. DAS COOPERATIVAS MÉDICAS;RJ;63534536906.88;21178178968.96;1124987476.16
UNIMED CURITIBA - SOCIEDADE COOPERATIVA DE MÉDICOS;PR;53381900794.08;17793966931.36;620837834.78
UNIMED CAMPINAS - COOPERATIVA DE TRABALHO MÉDICO;SP;47114779569.76;15704926523.25;1910489752.65
CARE PLUS MEDICINA ASSISTENCIAL LTDA.;SP;43673115393.60;14557705131.20;510981540.23
OMINT SERVIÇOS DE SAÚDE S.A.;SP;43474351690.40;14491450563.47;1009892122.48
UNIMED DE FORTALEZA SOCIEDADE COOPERATIVA MÉDICA LTDA.;CE;41934055452.48;13978018484.16;1375865324.19
PREVENT SENIOR PRIVATE OPERADORA DE SAÚDE LTDA;SP;40965489700.16;13655163233.39;35809055469.64
SAMEDIL SERVIÇOS DE ATENDIMENTO MÉDICO S/A;ES;39463253307.36;13154417769.12;1071526556.70
UNIMED GOIANIA COOPERATIVA DE TRABALHO MÉDICO;GO;37655337800.00;12551779266.67;399932812.14
CAIXA BENEFICENTE DOS FUNCIONARIOS DO BANCO DO ESTADO DE SÃO PAULO;SP;35254748719.20;11751582906.40;8795564584.91
UNIMED VITORIA COOPERATIVA DE TRABALHO MEDICO;ES;34567660928.96;11522553642.99;1340298143.04
FUNDAÇÃO SAÚDE ITAÚ;MG;33590427501.28;11196809167.09;514821783.34
SERV  SOCIAL AUTÔNOMO DE ASSIST À SAÚDE DOS SERV PÚBLICOS E MILITARES DE GOIÁS;GO;31949419917.44;15974709958.72;10297202674.29
GRUPO HOSPITALAR DO RIO DE JANEIRO LTDA;RJ;30324714604.32;10108238201.44;701101091.71
FUNDAÇÃO CESP;SP;27139371874.72;9046457291.57;504929464.31
UNIMED DO ESTADO DE SÃO PAULO - FEDERAÇÃO ESTADUAL DAS COOP. MÉDICAS;SP;25107417200.96;8369139066.99;1048996020.70
ODONTOPREV S/A;SP;24212025914.72;8070675304.91;2337965780.85
UNIMED BELÉM COOPERATIVA DE TRABALHO MÉDICO;PA;22854794590.40;7618264863.47;144894421.72
UNIMED GRANDE FLORIANÓPOLIS-COOPERATIVA DE TRABALHO MEDICO;SC;22416345501.60;7472115167.20;185877432.10
UNIMED RECIFE COOPERATIVA DE TRABALHO MÉDICO;PE;22190745559.20;7396915186.40;594387044.62
UNIMED SAO JOSÉ DO RIO PRETO - COOP. DE TRABALHO MÉDICO;SP;22069083568.64;7356361189.55;612819070.40
UNIMED SOROCABA COOPERATIVA DE TRABALHO MÉDICO;SP;20257076706.08;6752358902.03;469901059.07
UNIMED CUIABA COOPERATIVA DE TRABALHO MÉDICO;MT;19586267477.76;6528755825.92;72587786.17
FUNDAÇÃO ASSISTENCIAL DOS SERVIDORES DO MINISTÉRIO DA FAZENDA;DF;19097029296.80;6365676432.27;441332653.67
UNIMED SERRA GAUCHA/RS COOPERATIVA DE ASSISTENCIA A SAUDE LTDA;RS;19056413421.32;6352137807.11;355319971.31
UNIMED NATAL SOC. COOP. DE TRAB. MÉDICO;RN;18694040844.32;6231346948.11;595836413.36
NOTRE DAME INTERMÉDICA MINAS GERAIS SAÚDE S.A.;CE;18540524103.68;6180174701.23;277312790.57
CAIXA DE ASSISTENCIA DOS SERVIDORES DO ESTADO DE MATO GROSSO DO SUL;MS;17360409132.56;5786803044.19;491744266.36
UNIMED JOAO PESSOA - COOPERATIVA DE TRABALHO MÉDICO;PB;17022568602.56;5674189534.19;267652279.53
UNIMED DE LONDRINA COOPERATIVA DE TRABALHO MÉDICO;PR;16582635650.88;5527545216.96;393409037.88
FUNDAÇÃO SÃO FRANCISCO XAVIER;MG;16467379218.40;5489126406.13;288259995.52
CLINIPAM CLINICA PARANAENSE DE ASSISTENCIA MEDICA LTDA;CE;16262720140.96;5420906713.65;1316380443.29
UNIMED MACEIO COOPERATIVA DE TRABALHO MÉDICO;AL;15784373614.08;5261457871.36;388856033.44
HUMANA SAÚDE NORDESTE LTDA. ;PI;15775791133.28;5258597044.43;325229146.57
SAMP ESPIRITO SANTO ASSISTENCIA MEDICA SA;ES;14723559579.68;4907853193.23;662733594.56
UNIMED REGIONAL MARINGÁ COOP.DE TRABALHO MÉDICO;PR;14595546035.86;4865182011.95;245514825.81
UNIMED DE SANTOS COOP DE TRAB MEDICO;SP;14365145481.28;4788381827.09;283746289.01
UNIMED-SÃO GONÇALO - NITERÓI - SOC.COOP.SERV.MED E HOSP LTDA;RJ;14325389448.94;4775129816.31;577647554.69
UNIMED DE RIBEIRAO PRETO - COOPERATIVA DE TRABALHO MÉDICO;SP;14140709014.88;4713569671.63;145451614.81
SANTA HELENA ASSISTÊNCIA MÉDICA S/A.;SP;13979822503.84;4659940834.61;351102541.75
UNIMED CAMPO GRANDE MS COOPERATIVA DE TRABALHO MÉDICO;MS;13777582158.56;4592527386.19;250724962.19
UNIMED DO ESTADO DE SANTA CATARINA FED. EST. DAS COOP. MÉD.;SC;13559648831.04;4519882943.68;962894657.23
UNIMED DO ESTADO DO PARANÁ FEDERAÇÃO ESTADUAL DAS COOPERATIVAS MÉDICAS;PR;13383625439.52;4461208479.84;101414619.26
CENTRO TRASMONTANO DE SAO PAULO;SP;13013440076.80;4337813358.93;156608128.09
ASSOCIAÇÃO DE BENEFICÊNCIA E FILANTROPIA SÃO CRISTOVÃO;SP;12257011220.64;4085670406.88;157950877.27
UNIMED BLUMENAU - COOPERATIVA DE TRABALHO MEDICO;SC;12231134480.64;4077044826.88;210663720.92
QUALICORP ADMINISTRADORA DE BENEFÍCIOS S.A.;SP;12219796401.92;4073265467.31;732744813.96
UNIMED DE BAURU COOPERATIVA DE TRABALHO MÉDICO;SP;12029739692.16;4009913230.72;212482804.73
UNIMED DE JOINVILLE COOPERATIVA DE TRABALHO MÉDICO;SC;12023135007.20;4007711669.07;81305215.06
UNIMED DE PIRACICABA SOCIEDADE COOPERATIVA DE SERVIÇOS MÉDICOS;SP;11711325629.60;3903775209.87;135162852.55
UNIMED LITORAL COOPERATIVA DE TRABALHO MÉDICO LTDA;SC;11343214473.12;3781071491.04;320584298.93
UNIMED UBERLÂNDIA COOPERATIVA REGIONAL TRABALHO MÉDICO LTDA;MG;11300194131.84;3766731377.28;181090201.10
SUL AMÉRICA PARANÁ CLÍNICAS SERVIÇOS DE SAÚDE S.A.;SP;10750016569.60;3583338856.53;1352805961.99
UNIMED DE CASCAVEL COOPERATIVA DE TRABALHO MÉDICO;PR;10594061611.04;3531353870.35;836076106.46
ALICE OPERADORA LTDA.;SP;10444475063.20;3481491687.73;1373394279.71
LEVE SAUDE OPERADORA DE PLANOS DE SAUDE S.A;RJ;10425472675.04;3475157558.35;440868650.03
POSTAL SAÚDE CAIXA DE ASSISTÊNCIA E SAÚDE DOS EMPREGADOS DOS CORREIOS;DF;10338943234.08;3446314411.36;249609574.37
UNIMED - COOPERATIVA DE SERVIÇOS DE SAÚDE DOS VALES DO TAQUARI E RIO PARDO LTDA.;RS;10140026744.96;3380008914.99;239253303.77
UNIMED DIVINOPOLIS - COOPERATIVA DE TRABALHO MEDICO LTDA;MG;10096545966.56;3365515322.19;150952945.68
UNIMED JUIZ DE FORA COOPERATIVA DE TRABALHO MÉDICO LTDA;MG;10060304126.40;3353434708.80;192846208.14
UNIMED SAO JOSE DOS CAMPOS - COOPERATIVA DE TRABALHO MEDICO;SP;9888908865.12;3296302955.04;83888420.15
SERVIÇO SOCIAL DA INDÚSTRIA DO PAPEL, PAPELÃO E CORTIÇA DO ESTADO DE SÃO PAULO - SEPACO;SP;9619388390.56;3206462796.85;174131751.34
UNIMED TERESINA - COOPERATIVA DE TRABALHO MÉDICO;PI;9585396883.36;3195132294.45;127083668.16
CEMIG SAÚDE;MG;9553052653.28;3184350884.43;591395209.28
UNIMED DE VOLTA REDONDA COOPERATIVA DE TRABALHO MÉDICO;RJ;9478001938.08;3159333979.36;133048047.36
SINDIFISCO NACIONAL - SINDICATO NACIONAL DOS AUDITORES-FISCAIS DA RECEITA FEDERAL DO BRASIL;DF;9249855844.64;3083285281.55;306678186.21
UNIMED SÃO CARLOS - COOPERATIVA DE TRABALHO MÉDICO;SP;8748600210.08;2916200070.03;98714346.48
UNIMED NOVA IGUACU COOPERATIVA DE TRABALHO MEDICO;RJ;8476007489.60;2825335829.87;634969151.33
UNIMED DE MACAÉ COOPERATIVA DE ASSISTÊNCIA À SAÚDE;RJ;8409176849.44;2803058949.81;166041568.42
UNIMED VALE DO SINOS - COOPERATIVA DE ASSISTÊNCIA À SAÚDE LTDA;RS;8318185121.58;2772728373.86;137252583.69
UNIMED SERGIPE - COOPERATIVA DE TRABALHO MÉDICO;SE;8156060811.68;2718686937.23;15373659.85
UNIMED DE PRESIDENTE PRUDENTE COOPERATIVA DE TRAB. MÉDICO;SP;8093925498.08;2697975166.03;172521017.15
ASSOCIAÇÃO SANTA SAÚDE;SP;8059364798.72;2686454932.91;228741856.88
UNIMED JUNDIAI - COOPERATIVA DE TRABALHO MÉDICO;SP;7960635807.52;2653545269.17;159977760.24
PASA - PLANO DE ASSISTENCIA A SAUDE DO APOSENTADO DA VALE;RJ;7930176763.52;2643392254.51;189983728.19
UNIMED DO BRASIL - CONF. NACIONAL DAS COOPERATIVAS MÉDICAS;SP;7823785455.68;2607928485.23;560691560.33
UNIMED SUL CAPIXABA COOPERATIVA DE TRABALHO MÉDICO;ES;7520468302.88;2506822767.63;235059862.58
ASSOCIAÇÃO BENEFICENTE DOS PROFESSORES PÚBLICOS ATIVOS E INATIVOS DO RIO DE JANEIRO - APPAI;RJ;7468544400.72;2489514800.24;187751052.21
PLANO HOSPITAL SAMARITANO LTDA;SP;7352481266.24;2450827088.75;39457058.56
UNIMED UBERABA COOPERATIVA DE TRABALHO MEDICO LTDA.;MG;7249872016.80;2416624005.60;450819294.82
UNIMED CHAPECÓ - COOPERATIVA DE TRABALHO MÉDICO DA REGIÃO OESTE CATARINENSE;SC;7183759007.68;2394586335.89;503307695.57
UNIMED NORTE DO MATO GROSSO COOPERATIVA DE TRABALHO MÉDICO;MT;7146308921.60;2382102973.87;91468858.89
HUMANA SAÚDE LTDA.;PR;7109052240.48;2369684080.16;100570739.31
UNIMED FRANCA - SOCIEDADE COOPERATIVA DE SERVIÇOS MÉDICOS E HOSPITALARES;SP;7105893018.56;2368631006.19;621407842.07
ASSOCIAÇÃO SANTA CASA SAÚDE DE SÃO JOSÉ DOS CAMPOS;SP;7100275772.64;2366758590.88;97611507.76
CENTRO CLÍNICO GAÚCHO LTDA;CE;7047210712.00;2349070237.33;82602328.84
UNIMED DE CRICIÚMA COOPERATIVA DE TRABALHO MÉDICO DA REGIÃO CARBONÍFERA;SC;7022670840.32;2340890280.11;54178629.00
CAIXA DE ASSISTÊNCIA DOS EMPREGADOS DO BANCO DO ESTADO DO RIO GRANDE DO SUL;RS;6952523168.32;2317507722.77;201049976.55
COOPERATIVA DE TRABALHO MÉDICO DE POUSO ALEGRE;MG;6906237563.04;2302079187.68;438124442.90
UNIMED PONTA GROSSA COOPERATIVA DE TRABALHO MEDICO;PR;6828408891.04;2276136297.01;86809432.15
UNIMED CARUARU-COOPERATIVA DE TRABALHO MEDICO;PE;6742201570.88;2247400523.63;188187635.37
ASSOCIAÇÃO DR. BARTHOLOMEU TACCHINI;RS;6730782984.80;2243594328.27;136581057.98
INSTITUTO CURITIBA DE SAÚDE;PR;6645041925.44;2215013975.15;277389045.74
CAIXA DE ASSISTÊNCIA DOS FUNCIONÁRIOS DO BANCO DO NORDESTE DO BRASIL;CE;6611841088.80;2203947029.60;119690995.19
DOCTOR CLIN OPERADORA DE PLANOS DE SAÚDE LTDA.;RS;6374675718.08;2124891906.03;163645875.29
UNIMED DE SANTA BÁRBARA D'OESTE E AMERICANA - COOP DE TRABALHO MÉDICO;SP;6259783928.80;2086594642.93;125633521.95
REAL GRANDEZA - FUNDAÇÃO DE PREVIDÊNCIA E ASSISTÊNCIA SOCIAL;RJ;6152424403.04;2050808134.35;256757391.26
SAMEL PLANO DE SAÚDE LTDA;AM;6102746978.08;2034248992.69;382114519.23
UNIMED SANTA MARIA/RS - COOPERATIVA DE ASSISTÊNCIA À SAÚDE LTDA;RS;6031715802.40;2010571934.13;36093456.43
UNIMED VALE DO SÃO FRANCISCO COOPERATIVA DE TRABALHO MÉDICO;PE;5954573571.68;1984857857.23;81467828.40
IRMANDADE DA SANTA CASA DE MISERICÓRDIA DE PIRACICABA;SP;5950180285.04;1983393428.35;204312808.69
UNIMED DE GUARULHOS COOPERATIVA DE TRABALHO MÉDICO;SP;5908836353.12;1969612117.71;70532663.44
SOBAM CENTRO MÉDICO HOSPITALAR S.A.;SP;5848747138.08;1949582379.36;123427874.88
CIRCULO OPERARIO CAXIENSE;RS;5839279584.30;1946426528.10;219481144.63
QUALLITY PRÓ SAÚDE PLANO DE ASSISTÊNCIA MÉDICA LTDA.;DF;5824693045.44;1941564348.48;71451054.87
UNIMED DE ARARAQUARA - COOP. DE TRAB. MÉDICO;SP;5802400080.48;1934133360.16;15929199.40
ASSOCIAÇÃO EVANGELICA BENEFICENTE DE LONDRINA;PR;5762181656.32;1920727218.77;158446451.67
UNIMED NOVA FRIBURGO-SOC.COOP.SERV.MED.HOSP.LTDA.;RJ;5757576352.56;1919192117.52;103506601.77
IRMANDADE DA SANTA CASA DE MISERICÓRDIA DE PASSOS;MG;5663517704.64;1887839234.88;270168537.78
UNIMED DE MARILIA COOPERATIVA DE TRABALHO MÉDICO;SP;5647406379.04;1882468793.01;54471748.92
UNIMED CAMPINA GRANDE - COOPERATIVA DE TRABALHO MEDICO LTDA;PB;5640865498.08;1880288499.36;151020473.32
ASSOCIACAO DOS AUDITORES FISCAIS DA RECEITA ESTADUAL DE SAO PAULO;SP;5624139373.36;1874713124.45;140626081.67
SANTA CASA DE MISERICÓRDIA DE JUIZ DE FORA;MG;5619510337.44;1873170112.48;61846734.76
KLINI PLANOS DE SAÚDE LTDA;RJ;5600184037.12;1866728012.37;240642377.07
UNIMED DO CEARÁ - FEDERAÇÃO DAS SOCIEDADES COOPERATIVAS MÉDICAS DO ESTADO DO CEARÁ LTDA.;CE;5573052329.84;1857684109.95;81434917.50
UNIMED REGIONAL DA BAIXA MOGIANA - COOPERATIVA DE TRABALHO MÉDICO;SP;5548783052.48;1849594350.83;95904672.69
FUNDAÇÃO COPEL DE PREVIDÊNCIA E ASSISTÊNCIA SOCIAL;PR;5522403970.24;1840801323.41;124543429.89
ASSOCIAÇÃO PETROBRAS DE SAÚDE - APS;RJ;5409174750.80;1803058250.27;584132379.17
COOPERATIVA CENTRAL UNIMED DE COOPERATIVAS DE ASSISTÊNCIA À SAÚDE DO RIO GRANDE DO SUL LTDA.;RS;5392789787.68;1797596595.89;65186984.18
PLANO DE SAÚDE ANA COSTA LTDA.;SP;5386389902.56;1795463300.85;129388720.52
PROMÉDICA - PROTEÇÃO MEDICA A EMPRESAS S.A.;BA;5346481630.72;1782160543.57;113091756.68
ASSOCIAÇÃO DE SAÚDE PORTUGUESA DE BENEFICÊNCIA;SP;5267608020.88;1755869340.29;369619247.65
AUSTACLINICAS ASSISTÊNCIA MÉDICA E HOSPITALAR LTDA;SP;5177419773.28;1725806591.09;709984332.98
FUNDAÇÃO DE SAÚDE ITAIGUAPY;PR;5085795184.36;1695265061.45;391858497.09
BRADESCO SAÚDE - OPERADORA DE PLANOS  S/A;SP;5066465442.88;1688821814.29;865880714.12
HOSPITAL DE CLÍNICAS DE PASSO FUNDO;RS;5057609188.96;1685869729.65;362655543.94
UNIMED SALTO/ITU - COOPERATIVA MÉDICA;SP;4970361438.08;1656787146.03;190102355.31
AMPLA PLANOS DE SAUDE LTDA;RJ;4952333095.68;2476166547.84;527362025.43
CAIXA DE ASSISTÊNCIA À SAÚDE - CABERJ;RJ;4897033886.72;1632344628.91;47180317.79
UNIMED DE CAMPOS COOPERATIVA DE TRABALHO MÉDICO;RJ;4843525573.44;1614508524.48;180070279.46
ALVORECER - ASSOCIAÇÃO DE SOCORROS MÚTUOS;SP;4821805174.40;1607268391.47;126977669.86
PLENA SAÚDE S.A.;SP;4768394733.60;1589464911.20;5169968.82
SUPERMED ADMINISTRADORA DE BENEFÍCIOS LTDA.;RJ;4756011782.40;1585337260.80;1241048480.27
UNIMED RONDONOPOLIS COOPERATIVA DE TRABALHO MÉDICO LTDA;MT;4689542837.60;1563180945.87;9987640.39
UNIMED GOVERNADOR VALADARES COOP. DE TRABALHO MÉDICO LTDA.;MG;4664094135.04;1554698045.01;126026732.51
BENEFICENCIA SOCIAL BOM SAMARITANO;MG;4626520679.68;1542173559.89;1014400253.59
IRMANDADE DA SANTA CASA DE MISERICORDIA DE LIMEIRA;SP;4616534731.48;1538844910.49;337657989.91
UNIMED LESTE PAULISTA COOPERATIVA DE TRABALHO MÉDICO;SP;4601568035.36;1533856011.79;154631001.86
UNIMED ANHANGUERA COOPERATIVA DE TRABALHO MÉDICO;SP;4495082758.56;1498360919.52;102964882.14
FUNDACAO LEONOR DE BARROS CAMARGO;SP;4445928985.28;1481976328.43;148057921.44
UNIMED PATOS DE MINAS COOPERATIVA TRABALHO MÉDICO LTDA.;MG;4437963705.44;1479321235.15;72540839.59
BENEFICENCIA CAMILIANA DO SUL;SP;4392843601.50;2196421800.75;1750665135.32
UNIMED PORTO VELHO - SOCIEDADE COOPERATIVA MÉDICA LTDA;RO;4369773502.88;1456591167.63;62672883.28
BENSAUDE PLANO DE ASSISTENCIA MEDICA HOSPITALAR LTDA.;SP;4323778911.20;1441259637.07;64157096.31
INTEGRA ASSISTENCIA MEDICA SA;SP;4321809072.64;1440603024.21;654641036.00
CAIXA DE PREVIDÊNCIA E ASSISTÊNCIA DOS SERVIDORES DA FUNDAÇÃO NACIONAL DE SAÚDE - CAPESESP;RJ;4283064748.48;1427688249.49;120717240.80
UNIMED DE BOTUCATU COOPERATIVA DE TRABALHO MÉDICO;SP;4275902210.78;1425300736.93;135205349.38
SANTA CASA DE MISERICÓRDIA DE VOTUPORANGA;SP;4257529549.12;1419176516.37;23860674.56
METRUS INSTITUTO DE SEGURIDADE SOCIAL;SP;4171774141.92;1390591380.64;239657318.55
UNIMED NOROESTE/RS - SOCIEDADE COOPERATIVA DE ASSISTÊNCIA À SAÚDE LTDA.;RS;4098036296.64;1366012098.88;209440741.39
UNIMED DO SUDOESTE COOPERATIVA DE TRABALHO MEDICO LTDA;BA;4089274227.52;1363091409.17;84823914.56
IRMANDADE SANTA CASA DE MISERICÓRDIA DE MARINGÁ;PR;4083805153.20;1361268384.40;130711587.57
2CARE OPERADORA DE SAÚDE LTDA.;SP;4074581923.84;1358193974.61;162535280.54
UNIMED PELOTAS/RS - COOPERATIVA DE ASSISTÊNCIA À SAÚDE LTDA.;RS;4038815491.68;1346271830.56;145610554.28
ABERTTA SAÚDE - ASSOCIAÇÃO BENEFICENTE DOS EMPREGADOS DA ARCELORMITTAL NO BRASIL;MG;4009070130.40;1336356710.13;56394902.53
UNIMED AMPARO COOPERATIVA DE TRABALHO MÉDICO;SP;3960080852.48;1320026950.83;78098027.94
PROASA SAÚDE;DF;3953715694.24;1317905231.41;95614287.90
UNIMED DE BEBEDOURO COOPERATIVA DE TRABALHO MÉDICO;SP;3949550855.68;1316516951.89;98607887.87
UNIMED DE LIMEIRA COOPERATIVA DE TRABALHO MÉDICO;SP;3948104467.20;1316034822.40;132648098.78
UNIMED DE DOURADOS COOPERATIVA DE TRABALHO MÉDICO LTDA;MS;3907023623.04;1302341207.68;30216586.37
MEDISERVICE OPERADORA DE PLANOS DE SAÚDE S.A.;SP;3904356430.08;1301452143.36;762419043.41
METLIFE PLANOS ODONTOLÓGICOS LTDA.;SP;3888392811.36;1296130937.12;22728423.33
UNIMED DE TUBARAO - COOPERATIVA DE TRABALHO MEDICO DA REGIAO DA AMUREL;SC;3850263027.20;1283421009.07;101368577.36
H.B. SAÚDE S/A.;SP;3834455975.84;1278151991.95;477722116.98
FUNDAÇÃO CELESC DE SEGURIDADE SOCIAL - CELOS;SC;3783684291.84;1261228097.28;53093407.84
UNIMED MARANHÃO DO SUL - COOPERATIVA DE TRABALHO MÉDICO;MA;3781613106.72;1260537702.24;257742629.09
UNIMED PLANALTO MÉDIO/RS - COOPERATIVA DE ASSISTÊNCIA À SAÚDE LTDA.;RS;3769569121.76;1256523040.59;65478205.29
BIOVIDA SAÚDE LTDA.;SP;3762851205.52;1254283735.17;308158801.18
UNIMED RIO VERDE COOPERATIVA TRABALHO MEDICO;GO;3753870781.92;1251290260.64;175228142.91
NOSSA SAÚDE - OPERADORA PLANOS PRIVADOS DE ASSISTÊNCIA  À SAÚDE LTDA.;PR;3703818305.44;1234606101.81;49109549.59
UNIMED COSTA OESTE - COOPERATIVA DE TRABALHO MÉDICO;PR;3688060950.08;1229353650.03;44376161.74
UNIMED DE ARACATUBA - COOPERATIVA DE TRABALHO MÉDICO;SP;3674143863.84;1224714621.28;70838754.83
CONFERÊNCIA SÃO JOSÉ DO AVAÍ;RJ;3648118519.38;1216039506.46;165565800.39
IRMANDADE DA SANTA CASA DE MISERICÓRDIA DE RIO CLARO;SP;3613032405.22;1204344135.07;53391959.70
S.P.A SAUDE- SISTEMA DE PROMOÇÃO ASSISTENCIAL;SP;3608321444.00;1202773814.67;85457880.31
UNIMED VALE DO SEPOTUBA - COOPERATIVA DE TRABALHO MÉDICO;MT;3542365158.24;1180788386.08;7065933.37
FUNDAÇÃO CHESF DE ASSISTÊNCIA E SEGURIDADE SOCIAL;PE;3530742238.72;1176914079.57;62900129.46
UNIMED PALMAS COOPERATIVA DE TRABALHO MÉDICO;TO;3508071748.16;1169357249.39;111249294.40
UNIMED CENTRO RONDÔNIA COOPERATIVA DE TRABALHO MÉDICO;RO;3495560537.60;1165186845.87;8925942.73
UNIMED NOROESTE CAPIXABA COOPERATIVA DE TRABALHO MÉDICO.;ES;3436553593.44;1145517864.48;49454457.49
MED-TOUR ADMINISTRADORA DE BENEFÍCIOS E EMPREENDIMENTOS LTDA.;SP;3382658885.76;1127552961.92;21734209.90
CAIXA DE ASSISTÊNCIA DOS EMPREGADOS DA EMPRESA BRASILEIRA DE PESQUISA  AGROPECUÁRIA;DF;3363203315.36;1121067771.79;117983576.95
UNIMED OESTE DO PARÁ - COOPERATIVA DE TRABALHO MÉDICO;PA;3351931038.88;1117310346.29;251450230.74
UNIMED REGIONAL JAU - COOPERATIVA DE TRABALHO MÉDICO;SP;3327912480.96;1109304160.32;77110690.53
UNIMED PETROPOLIS-RJ COOPERATIVA DE TRABALHO MÉDICO;RJ;3293047154.40;1097682384.80;124289959.00
LIFE EMPRESARIAL SAÚDE LTDA.;SP;3292905067.84;1097635022.61;94879061.71
ALL CARE ADMINISTRADORA DE BENEFÍCIOS SÃO PAULO LTDA;SP;3279679552.00;1093226517.33;59820683.93
SERMED-SAÚDE LTDA.;SP;3261434825.44;1087144941.81;84749679.60
SÃO LUCAS SAÚDE S/A;SP;3260899553.60;1086966517.87;37827539.31
SELECT OPERADORA DE PLANO DE SAUDE LTDA;GO;3259663189.60;1086554396.53;521120694.17
LIV LINHAS INTELIGENTES DE ATENÇÃO À VIDA S/A;SP;3197515924.96;1065838641.65;85905118.30
MÚTUA DOS MAGISTRADOS DO ESTADO DO RIO DE JANEIRO;RJ;3159422172.80;1053140724.27;176189237.85
UNIMED RIO BRANCO COOPERATIVA DE TRABALHO MEDICO LTDA;AC;3149954590.56;1049984863.52;31550257.74
UNIMED DE RIO CLARO SP COOPERATIVA DE TRABALHO MEDICO;SP;3134590538.80;1044863512.93;30395813.29
UNIMED SAÚDE E ODONTO S.A;SP;3109102228.24;1036367409.41;47027819.80
UNIMED DO CARIRI - SOCIEDADE COOPERATIVA MÉDICA LTDA;CE;3097689896.72;1032563298.91;80599674.72
ASSOCIAÇÃO ASSISTENCIAL DE SAÚDE SUPLEMENTAR CRUZ AZUL SAÚDE;SP;3080797636.80;1026932545.60;94558426.02
CAIXA DE ASSISTÊNCIA OSWALDO CRUZ;RJ;3037640144.00;1012546714.67;235468978.88
AMESC - ASSOCIAÇÃO MÉDICA ESPÍRITA CRISTÃ;RJ;3036860826.08;1012286942.03;83762906.43
ECONOMUS INSTITUTO DE SEGURIDADE SOCIAL;SP;3004635755.36;1001545251.79;155151966.17
UNIMED NORTE CAPIXABA- COOPERATIVA DE TRABALHO MÉDICO;ES;2999916993.76;999972331.25;202245201.13
UNIHOSP SAÚDE LTDA;SP;2920266529.60;973422176.53;46387200.69
UNIMED REGIONAL DE CAMPO MOURÃO COOP TRAB MEDICO ;PR;2916308460.32;972102820.11;16756246.90
UNIMED POÇOS DE CALDAS - SOC. COOP. DE TRAB. E SERVIÇOS MÉDICOS;MG;2863028496.16;954342832.05;70569464.75
AMHE MED ASSISTENCIA A SAUDE LTDA - EPP;SP;2855639877.28;951879959.09;245033905.81
UNIMED VARGINHA COOPERATIVA DE TRABALHO MÉDICO;MG;2844683845.12;948227948.37;131996100.61
UNIÃO MÉDICA PLANOS DE SAÚDE S/A;BA;2841647853.20;947215951.07;55567792.81
UNIMED-RIO COOPERATIVA DE TRABALHO MEDICO DO RIO DE JANEIRO;RJ;2840112625.60;2840112625.60;
SAUDE PAS - MEDICINA E ODONTO;RS;2823656121.12;941218707.04;36953815.77
UNIMED PATO BRANCO SOCIEDADE COOPERATIVA DE MÉDICOS;PR;2822418762.88;940806254.29;55202826.87
UNIMED ENCOSTA DA SERRA/RS SOCIEDADE COOPERATIVA DE SERVIÇOS DE SAÚDE LTDA.;RS;2747147067.20;915715689.07;18589610.61
UNIMED DE CATANDUVA - COOPERATIVA DE TRABALHO MÉDICO;SP;2745038034.88;915012678.29;58026618.66
UNIMED CENTRO OESTE PAULISTA - FEDERAÇÃO INTRAFEDERATIVA DAS COOPERATIVAS MÉDICAS;SP;2742377863.36;914125954.45;136347876.35
UNIMED DE OURINHOS - COOPERATIVA DE TRABALHO MÉDICO;SP;2703785342.32;901261780.77;50199608.83
CABERJ INTEGRAL SAÚDE S.A;RJ;2697697242.88;899232414.29;11619227.54
UNIMED ANÁPOLIS COOPERATIVA DE TRABALHO MÉDICO.;GO;2669917232.82;889972410.94;67386289.22
FUNDAÇÃO AFFEMG DE ASSISTÊNCIA E SAÚDE - FUNDAFFEMG;MG;2661346476.16;887115492.05;53351128.08
UNIMED MISSÕES/RS - COOPERATIVA DE ASSISTÊNCIA À SAÚDE LTDA.;RS;2636013629.92;878671209.97;100801181.37
SOCIEDADE PORTUGUESA DE BENEFICÊNCIA;RS;2635736924.56;878578974.85;383313370.17
FUNDAÇÃO SANEPAR DE ASSISTÊNCIA SOCIAL;PR;2619723892.00;873241297.33;58342735.54
ASSOCIAÇÃO ADVENTISTA NORTE BRASILEIRA DE PREVENÇÃO E ASSISTÊNCIA A SAÚDE;PA;2569659341.76;856553113.92;2587028844.27
UNIMED CONSELHEIRO LAFAIETE COOPERATIVA DE TRABALHO MÉDICO LTDA;MG;2562765886.24;854255295.41;69230096.39
UNIMED METROPOLITANA DO AGRESTE - COOPERATIVA DE TRABALHO MÉDICO;AL;2554539688.32;851513229.44;104767050.64
UNIMED NORDESTE PAULISTA - FED. INTRAFEDERATIVA DAS COOP. MÉDICAS;SP;2546768358.40;848922786.13;23105622.42
FUNDAÇÃO FILANTRÓPICA E BENEFICENTE DE SAÚDE ARNALDO GAVAZZA FILHO;MG;2512788629.02;837596209.67;218301766.15
UNIMED VALE DO CAÍ/RS - COOPERATIVA DE ASSISTÊNCIA À SAÚDE LTDA.;RS;2456301038.40;818767012.80;60735969.23
HBC SAÚDE LTDA.;SP;2393322564.48;797774188.16;29320836.95
UNIMED TEOFILO OTONI COOPERATIVA DE TRABALHO MÉDICO;MG;2322991757.28;774330585.76;79115800.95
DENTAL UNI - COOPERATIVA ODONTOLÓGICA;PR;2313167415.36;771055805.12;39636507.67
UNIMED RESENDE COOPERATIVA DE TRABALHO MÉDICO;RJ;2298628732.32;766209577.44;47148198.08
UNIMED ERECHIM - COOPERATIVA DE SERVIÇOS DE SAÚDE LTDA.;RS;2294791150.88;764930383.63;84800458.36
CAIXA DE ASSISTENCIA A SAUDE DA UNIVERSIDADE;MG;2294234483.52;764744827.84;71143136.99
PLANO DE SAÚDE DA SANTA CASA DE BRAGANÇA PAULISTA;SP;2287694037.92;762564679.31;18679059.94
SUL AMÉRICA ODONTOLÓGICO S/A;SP;2272112303.04;757370767.68;34391412.72
UNIMED CURVELO COOPERATIVA DE TRABALHO MÉDICO LTDA.;MG;2252222632.32;750740877.44;13878651.52
UNIMED COSTA DO DESCOBRIMENTO COOPERATIVA DE TRABALHO MÉDICO;BA;2247950117.76;749316705.92;10959468.05
UNIMED ARARUAMA COOPERATIVA DE TRABALHO MÉDICO LTDA;RJ;2226540114.88;742180038.29;84731158.13
UNIMED NORTE FLUMINENSE COOPERATIVA DE TRABALHO MEDICO;RJ;2225514373.60;741838124.53;90903045.41
UNIMED GUARAPUAVA COOPERATIVA DE TRABALHO MÉDICO;PR;2201311807.36;733770602.45;71530288.83
BIO SAÚDE SERVIÇOS MÉDICOS LTDA;SP;2200410535.68;733470178.56;121376378.23
ASSOCIAÇÃO SÃO FRANCISCO VIDA;SP;2183898456.48;727966152.16;93690238.16
POLICLIN SAÚDE S/A.;SP;2128561288.16;709520429.39;19177531.07
ASSOCIAÇÃO DE ASSISTÊNCIA À SAÚDE DOS EMPREGADOS DA COPASA;MG;2123801129.44;707933709.81;56410576.60
UNIMED DE BRUSQUE COOPERATIVA DE TRABALHO MÉDICO;SC;2113562991.68;704520997.23;27370874.95
OPERADORA UNIESTE DE PLANOS DE SAÚDE LTDA;RJ;2108125238.40;702708412.80;38428568.34
HOSPITAL MATERNIDADE SÃO VICENTE DE PAULO;CE;2084347852.96;694782617.65;339120329.24
UNIMED BARRA DO GARÇAS - COOPERATIVA DE TRABALHO MÉDICO;MT;2077458244.64;692486081.55;50904953.49
UNIMED LITORAL SUL/RS - COOPERATIVA DE ASSISTÊNCIA À SAÚDE LTDA.;RS;2047512491.04;682504163.68;69962188.51
UNIODONTO DE CAMPINAS COOPERATIVA ODONTOLÓGICA;SP;2044731196.64;681577065.55;22083397.43
CENTRAL REGIONAL DAS COOPERATIVAS MÉDICAS - UNIMED CERRADO;GO;2043442868.96;681147622.99;49915257.25
UNIMED INCONFIDENTES COOPERATIVA DE TRABALHO MÉDICO LTDA.;MG;2037893398.40;679297799.47;40397354.50
ASSOCIAÇÃO DA SANTA CASA SAÚDE DE RIBEIRÃO PRETO;SP;2033664721.92;677888240.64;17875608.43
UNIMED DE JABOTICABAL COOP. DE TRABALHO MÉDICO;SP;2019995978.88;673331992.96;34641550.36
UNIMED MONTES CLAROS COOPERATIVA DE  TRABALHO MÉDICO LTDA.;MG;2012683648.32;670894549.44;58335974.25
SANTA CASA DE MISERICÓRDIA E BENEFICÊNCIA PORTUGUESA;SP;2011513708.64;670504569.55;46298321.51
SIM - CAIXA DE ASSISTÊNCIA À SAÚDE;SC;2010494091.68;670164697.23;6538725.30
ASSOCIAÇÃO DOS SERVIDORES MUNICIPAIS, ESTADUAIS E FEDERAIS DO RIO DE JANEIRO;RJ;2006746018.24;668915339.41;88567730.70
ASSOCIAÇAO DOS FUNCIONARIOS PUBLICOS DO ESTADO DO RIO GRANDE DO SUL;RS;1987181904.08;662393968.03;46169110.41
UNIMED FRONTEIRA NOROESTE/RS - COOPERATIVA DE ASSISTÊNCIA À SAÚDE LTDA.;RS;1985117187.68;661705729.23;41198250.12
UNIMED DE PARANAVAÍ COOPERATIVA DE TRABALHO MÉDICO;PR;1978721913.12;659573971.04;13692756.16
UNIMED REGIONAL SUL GOIAS COOP. DE TRABALHO MÉDICO LTDA;GO;1968375470.56;656125156.85;38850914.35
UNIMED DE ASSIS COOPERATIVA DE TRABALHO MÉDICO;SP;1939453900.96;646484633.65;40599486.76
UNIMED DE PARANAGUÁ COOPERATIVA DE TRABALHO MÉDICO;PR;1934655156.48;644885052.16;21440718.21
PLURAL GESTÃO EM PLANOS DE SAÚDE LTDA;RJ;1929109294.88;643036431.63;266296049.91
ASSOCIAÇÃO PADRE ALBINO SAÚDE;SP;1914430145.44;638143381.81;17167454.01
UNIMED ARAXÁ COOPERATIVA DE TRABALHO MÉDICO LTDA.;MG;1904637530.24;634879176.75;37118968.70
UNIMED SUDOESTE DE MINAS COOPERATIVA DE TRABALHO MÉDICO;MG;1865208013.28;621736004.43;189303350.07
UNIMED ITABIRA COOPERATIVA DE TRABALHO MÉDICO;MG;1853824105.44;617941368.48;43830188.02
GOCARE PLANOS DE SAUDE LTDA;SP;1850527036.80;616842345.60;223933146.78
UNIMED DE SÃO ROQUE - COOPERATIVA DE TRABALHO MÉDICO;SP;1847962819.52;615987606.51;51744626.44
UNIMED DE TATUI - COOPERATIVA DE TRABALHO MÉDICO;SP;1833677485.44;611225828.48;36773482.35
UNIMED ITAJUBA COOPERATIVA DE TRABALHO MEDICO;MG;1816096993.20;605365664.40;30453711.96
UNIMED DE BARRA MANSA SOC. COOP. SERV.MED.E HOSPIT.;RJ;1810791323.68;603597107.89;38805609.76
FUNDAÇÃO DE SEGURIDADE SOCIAL DA ARCELORMITTAL BRASIL - FUNSSEST;ES;1810515712.00;603505237.33;145835424.82
ELOSAÚDE - ASSOCIAÇÃO DE ASSISTÊNCIA À SAÚDE;SC;1808743861.92;602914620.64;91095721.04
UNIMED EXTREMO SUL COOPERATIVA DE TRABALHO MÉDICO;BA;1800265292.16;600088430.72;37030302.10
UNIMED DE CATALÃO COOPERATIVA DE TRABALHO MÉDICO;GO;1797311725.76;599103908.59;39118326.68
UNIMED DE MANAUS COOP. DO TRABALHO MÉDICO LTDA;AM;1705378495.44;568459498.48;169264000.81
FUNDAÇAO COMPESA DE PREVIDENCIA E ASSISTENCIA - COMPESAPREV;PE;1700390330.24;566796776.75;19587491.15
UNIMED OESTE DO PARANA - COOPERATIVA DE TRABALHO MEDICO;PR;1683730895.36;561243631.79;22801090.18
UNIMED APUCARANA COOPERATIVA DE TRABALHO MÉDICO;PR;1675405653.12;558468551.04;45845587.93
UNIMED PARÁ DE MINAS COOPERATIVA DE TRABALHO MÉDICO LTDA.;MG;1670316444.96;556772148.32;18326979.08
ASSOCIAÇÃO BENEFICENTE DE ASSISTÊNCIA A SAÚDE DOS JUÍZES DO TRABALHO DA 15ª REGIÃO (ABAS 15);SP;1668994813.12;556331604.37;95843481.45
ASSISTÊNCIA MÉDICA SÃO MIGUEL LTDA;SP;1657608481.92;552536160.64;34159827.83
UNIMED FRANCISCO BELTRAO COOPERATIVA DE TRABALHO MEDICO;PR;1656546181.92;552182060.64;50155375.81
CAIXA DE ASSISTÊNCIA DOS SERVIDORES FAZENDÁRIOS ESTADUAIS;CE;1653990162.24;551330054.08;17613645.83
SAÚDE SANTA TEREZA LTDA.;SP;1652691093.60;550897031.20;147639854.65
SAÚDE BRB - CAIXA DE ASSISTÊNCIA ;DF;1636578996.64;545526332.21;45788822.50
UNIMED DE PINDAMONHANGABA - COOPERATIVA TRABALHO MEDICO;SP;1625774879.04;541924959.68;27112439.43
UNIMED ALTO SÃO FRANCISCO COOPERATIVA DE TRABALHO MÉDICO;MG;1625476489.12;541825496.37;67311671.49
SANTA CASA DE MISERICORDIA DE SAO JOAQUIM DA BARRA;SP;1622942075.20;540980691.73;31846191.61
CAIXA DE ASSISTÊNCIA À SAÚDE DOS SERVIDORES PÚBLICOS DO ESTADO DO MATO GROSSO DO SUL;MS;1602480774.72;534160258.24;46663681.02
UNIMED DE SOBRAL SOCIEDADE COOPERATIVA MÉDICA LTDA;CE;1590695147.68;530231715.89;3200329.51
OESTE SAÚDE ASSISTÊNCIA A SAÚDE SUPLEMENTAR S.A;SP;1587210637.84;529070212.61;3275023.83
UNIMED DE CAÇAPAVA - COOPERATIVA DE TRABALHO MEDICO;SP;1566451391.04;522150463.68;210927207.90
SAMI ASSISTÊNCIA MÉDICA LTDA;SP;1521693415.84;507231138.61;5610632.35
UNIMED MEIO OESTE CATARINENSE COOPERATIVA DE TRABALHO MÉDICO;SC;1512695245.12;504231748.37;89492754.94
ASSOCIAÇÃO SANTA CASA SAÚDE DE ARAÇATUBA;SP;1512509357.44;504169785.81;49072638.21
AGROS - INSTITUTO UFV DE SEGURIDADE SOCIAL;MG;1508890238.08;502963412.69;62372680.73
VALEM ADMINISTRADORA DE BENEFÍCIOS LTDA;MG;1508558924.48;502852974.83;24676113.94
ASSOCIAÇÃO DOS SERVIDORES FISCAIS DO ESTADO DA BAHIA;BA;1502875622.90;500958540.97;19147751.44
TEMPO MED PLANO DE SAUDE LTDA;SC;1493399628.96;497799876.32;113047907.66
UNIMED ALTO VALE - COOPERATIVA DE TRABALHO MÉDICO;SC;1490029480.96;496676493.65;16188022.28
UNIMED JOÃO MONLEVADE COOPERATIVA DE TRABALHO MÉDICO LTDA.;MG;1488126328.96;496042109.65;24903486.64
UNIMED SÃO LOURENÇO COOPERATIVA DE TRABALHO MÉDICO;MG;1474838081.92;491612693.97;7739069.73
LUMINAR SAÚDE - ASSOCIAÇÃO DE ASSISTÊNCIA À SAÚDE;DF;1466680685.06;488893561.69;110452073.73
SISTEMAS E PLANOS DE SAÚDE LTDA.;SP;1460452923.36;486817641.12;17250936.45
UNIMED SÃO JOÃO DEL REI - COOPERATIVA DE TRABALHO MÉDICO;MG;1450483433.28;483494477.76;96757893.82
CAIXA ASSISTENCIAL E BENEFICENTE DOS FUNCIONÁRIOS DA ACARESC;SC;1437724105.28;479241368.43;14579462.17
SANTA CASA DA MISERICÓRDIA DE SÃO JOÃO DEL REI;MG;1408274588.56;469424862.85;12294313.53
ASSOCIAÇÃO BENEFICENTE CATÓLICA;MG;1405731657.12;468577219.04;60687084.44
HOSPITAIS E CLÍNICAS DO PIAUÍ S/S LTDA;PI;1402984008.80;467661336.27;26714379.80
CENTRO HOSPITALAR ATIBAIA LTDA.;SP;1397538015.04;465846005.01;46703513.67
UNIMED NOROESTE DO PARANÁ COOP DE TRABALHO MÉDICO .;PR;1394760964.96;464920321.65;13971444.39
UNIMED DE CAPIVARI -COOPERATIVA DE TRABALHO MÉDICO;SP;1393236986.72;464412328.91;10122609.93
PRONTOMED PLANOS DE SAÚDE LTDA;MG;1390142284.80;463380761.60;39254970.61
CAIXA DE ASSISTÊNCIA DOS EMPREGADOS DA SANEAGO;GO;1389614790.00;463204930.00;36611780.45
CAIXA DE ASSISTÊNCIA DOS FUNCIONÁRIOS DO BANCO DA AMAZÔNIA - CASF;PA;1381651920.00;460550640.00;82693042.36
UNIMED SUL PAULISTA - COOPERATIVA DE TRABALHO MÉDICO;SP;1376131589.92;458710529.97;79264961.26
UNIMED BARBACENA - COOPERATIVA DE TRABALHO MÉDICO LTDA;MG;1374779377.92;458259792.64;37927654.20
BEST SENIOR OPERADORA DE SAÚDE LTDA;ES;1368528812.16;456176270.72;115743491.22
SANTA CASA DE MAUÁ SAÚDE;SP;1355882256.64;451960752.21;153781079.07
ASSOCIAÇÃO DE ASSISTÊNCIA MÉDICO HOSPITALAR DOS MAGISTRADOS DO ESTADO DO PARANÁ;PR;1348468628.32;449489542.77;30737927.40
UNIMED OS BANDEIRANTES COOPERATIVA DE TRABALHO MÉDICO;SP;1347916145.76;449305381.92;75062075.78
CARE PLUS ODONTOLOGIA ASSISTENCIAL LTDA.;SP;1342084875.20;447361625.07;602058516.87
UNIMED CENTRO SUL FLUMINENSE COOPERATIVA DE TRABALHO MÉDICO;RJ;1340097666.08;446699222.03;46429353.86
UNIMED DE LINS - COOPERATIVA DE TRABALHOS MÉDICOS;SP;1333740423.68;444580141.23;15088010.16
UNIMED LAVRAS COOPERATIVA DE TRABALHO MÉDICO;MG;1331135907.84;443711969.28;6906195.75
UNIMED DE AVARÉ COOPERATIVA DE TRABALHO MÉDICO;SP;1321002711.36;440334237.12;48422407.47
PLAMED PLANO DE ASSISTENCIA MEDICA LTDA;SE;1305186361.52;435062120.51;21926717.06
CAIXA DE ASSISTÊNCIA DOS EMPREGADOS DO SISTEMA FINANCEIRO BANESTES;ES;1300173886.88;433391295.63;58577161.76
PREVIDENT ASSISTÊNCIA ODONTOLÓGICA S.A;SP;1295750251.52;431916750.51;371890469.31
UNIMED ALTA MOGIANA COOPERATIVA DE TRABALHO MÉDICO;SP;1295120938.24;431706979.41;60522310.67
UNIMED VILHENA - COOPERATIVA DE TRABALHO MEDICO LTDA;RO;1293569907.52;431189969.17;59423712.92
UNIMED REGIONAL DE TRES LAGOAS COOPERATIVA DE TRABALHO MÉDICO;MS;1282487352.80;427495784.27;19670863.04
COOPERATIVA DE TRABALHO MEDICO REGIÃO DO PLANALTO SERRANO;SC;1279359908.96;426453302.99;126131176.40
UNIMED CABO FRIO COOPERATIVA TRABALHO MÉDICO LTDA.;RJ;1277661649.60;425887216.53;78305963.48
UNIMED CENTRO PAULISTA - FEDERAÇÃO INTRAFEDERATIVA DAS COOPERATIVAS MÉDICAS;SP;1272545407.36;424181802.45;26388327.99
AMEPLAN ASSISTÊNCIA MÉDICA PLANEJADA LTDA;SP;1272249916.64;424083305.55;74568287.94
UNIMED MURIAÉ COOPERATIVA DE TRABALHO MEDICO LTDA;MG;1270702758.56;423567586.19;29981984.24
UNIMED ALTO DA SERRA - SOCIEDADE COOPERATIVA DE SERVIÇO MÉDICO LTDA.;RS;1267806451.20;422602150.40;14936948.56
UNIMED DE LENÇOIS PAULISTA - COOPERATIVA DE TRABALHO MÉDICO;SP;1266973009.92;422324336.64;22149876.64
UNIMED DE GUARATINGUETA-COOPERATIVA DE TRABALHO MÉDICO;SP;1252910603.04;417636867.68;42401275.30
UNIMED NORTE PIONEIRO - COOPERATIVA DE TRABALHO MÉDICO;PR;1251963263.84;417321087.95;49191981.17
SAMOC S.A. - SOCIEDADE ASSISTENCIAL MÉDICA E ODONTO CIRÚRGICA;RJ;1241580616.96;413860205.65;10023668.53
VIVACOM PLANOS DE SAÚDE;GO;1240455854.40;413485284.80;49607035.79
HOSPITAL CESAR LEITE;MG;1239788571.20;413262857.07;155206878.05
UNIMED ITAÚNA COOPERATIVA DE TRABALHO MÉDICO LTDA.;MG;1234684246.56;411561415.52;40456811.23
UNIMED ARAGUARI COOPERATIVA DE TRABALHO MÉDICO ;MG;1227000530.88;409000176.96;16587122.56
UNIMED DE BIRIGUI - COOPERATIVA DE TRABALHO MÉDICO;SP;1224985783.04;408328594.35;55672799.40
AFFIX ADMINISTRADORA DE BENEFÍCIOS LTDA;SP;1223446858.56;407815619.52;43307894.18
UNIMED TRÊS RIOS COOPERATIVA DE TRABALHO MÉDICO;RJ;1222345085.92;407448361.97;12813305.63
SÃO FRANCISCO ASSISTÊNCIA MÉDICA LTDA;PE;1221753437.60;407251145.87;104090775.67
SANTA CASA DE MISERICÓRDIA DE TUPÃ;SP;1213071977.04;404357325.68;45150843.03
GARANTIA DE SAÚDE LTDA;SP;1211255925.44;403751975.15;9348466.29
ESMALE ASSISTENCIA INTERNACIONAL DE SAUDE LTDA.;AL;1207644153.68;402548051.23;40288701.52
PARANA ASSISTENCIA MEDICA LTDA;PR;1204761651.68;401587217.23;34013744.94
UNIMED ITUIUTABA COOPERATIVA TRABALHO MÉDICO LTDA.;MG;1199011900.64;399670633.55;9107324.38
UNIMED EXTREMO OESTE CATARINENSE COOPERATIVA DE TRABALHO MÉDICO;SC;1188091103.20;396030367.73;11391354.90
UNITY SERVIÇOS INTEGRADOS DE SAÚDE LTDA.;DF;1184063679.68;394687893.23;49836974.35
ASSOCIAÇÃO DE ASSISTÊNCIA À SAÚDE DA AMAGIS;MG;1174244992.96;391414997.65;36845318.93
CAIXA ASSISTENCIAL UNIVERSITÁRIA DO RIO GRANDE DO NORTE;RN;1172138814.32;390712938.11;20151838.26
UNIMED PATROCÍNIO COOPERATIVA DE TRABALHO MÉDICO LTDA.;MG;1163605146.88;387868382.29;30912758.78
INSTITUIÇÃO BENEFICENTE CEL MASSOT - IBCM;RS;1158926418.08;386308806.03;37857157.62
UNIMED CAÇADOR COOPERATIVA DE TRABALHO MÉDICO DA REGIÃO DO CONTESTADO;SC;1154586068.48;384862022.83;40809178.27
IRMANDADE DE MISERICÓRDIA DO HOSPITAL DA SANTA CASA DE MONTE ALTO;SP;1154006483.04;384668827.68;9850038.11
ASSOCIAÇÃO MINEIRA DE ASSISTÊNCIA À SAÚDE DOS MEMBROS DO MINISTÉRIO PÚBLICO;MG;1143830989.28;381276996.43;32950932.63
FUNDAÇÃO LIBERTAS DE SEGURIDADE SOCIAL;MG;1141123376.32;380374458.77;28118139.64
OPERADORA UNICENTRAL DE PLANOS DE SAÚDE LTDA.;SP;1129904893.76;376634964.59;80283180.62
COOPERATIVA DE TRABALHO MÉDICO DO PLANALTO NORTE DE SANTA CATARINA LTDA;SC;1124559437.28;374853145.76;9890229.96
SULMED - ASSISTÊNCIA MÉDICA LTDA;RS;1121026408.80;373675469.60;43701758.24
SANTA CASA DE MISERICORDIA HOSPITAL SÃO VICENTE;SP;1117766449.76;372588816.59;41460909.64
IRMANDADE DE MISERICORDIA DE PORTO FERREIRA;SP;1117326099.52;372442033.17;25874969.68
MATÃO CLINICAS & AMHMA SAÚDE LTDA;SP;1110144385.92;370048128.64;25055065.59
SAÚDE BRASIL ASSISTÊNCIA MÉDICA LTDA.;SP;1108972031.92;369657343.97;27064220.81
UNIMED DE IBITINGA COOPERATIVA DE TRABALHO MÉDICO;SP;1107976583.68;369325527.89;17004525.31
UNIMED COSTA VERDE RJ;RJ;1106793404.16;368931134.72;96695823.88
CAIXA DE ASSISTÊNCIA À SAÚDE DO SINDICATO DOS FUNCIONÁRIOS INTEGRANTES DO GRUPO OCUPACIONAL ADMINISTRAÇÃO TRIBUTÁRIA DO ESTADO DE PERNAMBUCO;PE;1103981313.92;367993771.31;19649583.50
UNIMED DE BARRETOS COOPERATIVA DE TRABALHO MÉDICO;SP;1099942058.08;366647352.69;30803914.82
UNIMED VALE DAS ANTAS, RS - COOPERATIVA DE ASSISTÊNCIA À SAÚDE LTDA.;RS;1085086741.92;361695580.64;18128077.09
ASSOCIAÇÃO DE SAÚDE DOS FORNECEDORES DE CANA DE PIRACICABA E REGIÃO;SP;1071594803.84;357198267.95;33844747.32
UNIMED VIÇOSA - COOPERATIVA DE TRABALHO MÉDICO;MG;1069044794.24;356348264.75;2504067.51
UNIMED VALE DO AÇO COOPERATIVA DE TRABALHO MÉDICO;MG;1060834761.92;530417380.96;607519275.43
UNIMED GUAXUPÉ COOPERATIVA DE TRABALHO MEDICO;MG;1039951048.00;346650349.33;45881102.39
SÃO DOMINGOS SAÚDE- ASSISTÊNCIA MÉDICA  LTDA;SP;1038290044.48;346096681.49;44137230.11
GAMA SAUDE LTDA.;SP;1032914418.56;344304806.19;449249455.27
ELETROS SAÚDE - ASSOCIAÇÃO DE ASSISTÊNCIA À SAÚDE;RJ;1032537072.16;344179024.05;76725213.73
UNIMED NORTE PAULISTA - COOPERATIVA DE TRABALHO MÉDICO;SP;1013312725.76;337770908.59;13060719.63
BRASILDENTAL OPERADORA DE PLANOS ODONTOLÓGICOS S.A.;SP;1011492154.56;337164051.52;36374585.00
UNIODONTO DE SÃO JOSÉ DOS CAMPOS COOPERATIVA DE TRABALHO ODONTOLÓGICO;SP;1007683803.36;335894601.12;23457224.07
CAIXA DE ASSISTÊNCIA SISTEMA SAÚDE INTEGRAL-SSI SAUDE;RS;1002088031.28;334029343.76;43194335.44
UNIMED DE LORENA COOPERATIVA DE TRABALHO MÉDICO;SP;1001803154.24;333934384.75;46754341.16
ASSOCIAÇÃO POLICIAL DE ASSISTÊNCIA À SAÚDE;SP;992208680.16;330736226.72;20027210.33
ÚNICA ASSISTENCIA MEDICA LTDA ;SP;989846360.96;329948786.99;23361934.25
ASSOCIAÇÃO DE SAÚDE DO VALE;SC;985368836.32;328456278.77;43213997.68
ANAFE SAUDE;GO;977968184.16;325989394.72;43962484.49
UNIMED NORTE DO PARANÁ COOPERATIVA REGIONAL DE TRABALHO MÉDICO;PR;975482940.96;325160980.32;8714672.86
GS PLANO GLOBAL DE SAÚDE LTDA;RJ;975133737.12;325044579.04;17260124.18
ASSOCIAÇÃO MAIS SAÚDE SANTA CASA DE SÃO JOÃO DA BOA VISTA;SP;969525633.60;323175211.20;3576152.82
UNIMED DE UBA COOPERATIVA DE TRABALHO MEDICO;MG;950723407.20;316907802.40;33088027.22
NOVA SAÚDE OPERADORA INTEGRADA DE SAÚDE LTDA;RJ;950084814.08;316694938.03;66954671.17
UNIMED DE CIANORTE - COOPERATIVA DE TRABALHO MEDICO ;PR;946399387.36;315466462.45;19347085.01
AMAZÔNIA PLANOS DE SAÚDE LTDA;PA;943080182.24;314360060.75;6525129.57
PLADISA PLANOS DE SAÚDE SA;SC;936147486.24;312049162.08;5723430.78
PLANO DE SAUDE ASES LTDA.;RJ;932692188.32;310897396.11;5653180.49
UNIMED TRÊS CORAÇÕES COOPERATIVA DE TRABALHO MÉDICO LTDA.;MG;927804526.56;309268175.52;56008022.34
UNIMED MARQUES DE VALENÇA COOPERATIVA DE TRABALHO MÉDICO LTDA.;RJ;918387561.92;306129187.31;39740879.21
CAIXA DE ASSISTÊNCIA À SAUDE DOS EMPREGADOS DA CODEVASF - CASEC;DF;917389363.04;305796454.35;13931991.61
UNIMED DE ANDRADINA - COOPERATIVA DE TRABALHO MÉDICO;SP;889222480.16;296407493.39;12764066.24
UNIMED ALFENAS COOPERATIVA DE TRABALHO MEDICO;MG;886663699.84;295554566.61;9635235.37
ASSOCIAÇÃO DOS FUNCIONÁRIOS DO FISCO DO ESTADO DE GOIÁS;GO;874451447.52;291483815.84;26786254.31
UNIMED VALE DO JAURU COOPERATIVA DE TRABALHO MÉDICO;MT;873592797.44;291197599.15;9596459.17
UNIMED NOROESTE FLUMINENSE - COOPERATIVA DE TRABALHO MÉDICO LTDA;RJ;870868160.48;290289386.83;64137965.72
ASSOCIAÇÃO DO PLANO DE SAÚDE DA SANTA CASA DE MISERICÓRDIA DE ITABUNA - PLANSUL;BA;866328381.60;288776127.20;33109343.41
ASSOCIAÇÃO SAÚDE SÃO JOSÉ;SC;858475831.36;286158610.45;12881726.38
UNIMED VALE DO PIQUIRI-COOPERATIVA DE TRABALHO MÉDICO VALE DO PIQUIRI ;PR;853350090.08;284450030.03;7841758.71
CAIXA DE ASSISTÊNCIA AOS MEMBROS DA DEFENSORIA PÚBLICA DO ESTADO DO RIO DE JANEIRO;RJ;836527052.80;278842350.93;27761688.78
UNIMED PLANALTO CENTRAL/RS - COOPERATIVA DE ASSISTÊNCIA  À SAÚDE LTDA.;RS;829089675.52;276363225.17;9440690.37
QUALICORP CLUBE DE SAÚDE ADMINISTRADORA DE BENEFÍCIOS LTDA.;SP;818663096.64;272887698.88;411659863.66
OPERADORA DE PLANOS PRIVADOS DE SAÚDE - SANTA CASA SAÚDE LTDA;MS;810566297.28;270188765.76;47361599.25
UNIMED DE SAO JOSÉ DO RIO PARDO-COOP. DE TRAB. MÉDICO;SP;809852784.00;269950928.00;3367876.71
UNIMED CARATINGA - COOPERATIVA DE TRABALHO MÉDICO LTDA;MG;803672963.84;267890987.95;18551240.76
UNIMED CATAGUASES COOPERATIVA DE TRABALHO MÉDICO LTDA;MG;801672950.72;267224316.91;26211509.54
ASSOCIAÇÃO DOS AUDITORES FISCAIS DO ESTADO DA PARAÍBA - AFRAFEP;PB;800934449.28;266978149.76;8628176.03
UNIMED DE PIRASSUNUNGA COOPERATIVA DE TRABALHO MÉDICO;SP;800770854.88;266923618.29;15751661.94
UNIMED SÃO SEBASTIÃO DO PARAÍSO COOPERATIVA DE TRABALHO MÉDICO;MG;796633605.92;265544535.31;29622974.29
LEADER ASSISTÊNCIA MÉDICA E HOSPITALAR LTDA.;SP;792707467.68;264235822.56;7984296.76
COOPERATIVA DE TRABALHO MEDICO DE ARAGUAÍNA - UNIMED ARAGUAÍNA;TO;790949967.36;263649989.12;31684411.35
UNIMED PONTAL DO TRIÂNGULO - COOPERATIVA DE TRABALHO MÉDICO;MG;784223632.16;261407877.39;12329597.88
UNIMED DE TUPA COOPERATIVA DE TRABALHO MÉDICO;SP;782380671.04;260793557.01;7928739.42
UNIMED NOROESTE DE MINAS COOPERATIVA DE TRABALHO MEDICO LTDA;MG;776757570.40;258919190.13;22193477.02
SANTA CASA DE MISERICÓRDIA E ASILO DOS POBRES DE BATATAIS;SP;773445362.76;257815120.92;9828562.54
UNIMED DE TAUBATÉ COOPERATIVA DE TRABALHO MÉDICO;SP;771415831.52;257138610.51;12499136.44
SF SISTEMAS DE SAÚDE LTDA;SP;771115576.32;257038525.44;139021610.65
UNIMED REGIÃO DA CAMPANHA/RS - COOPERATIVA DE ASSISTÊNCIA À SAÚDE LTDA.;RS;762643142.32;254214380.77;10204955.35
ASSOCIAÇÃO POLICIAL DE ASSISTÊNCIA À SAÚDE DE BAURU;SP;760227946.24;253409315.41;24449977.07
UNIMED SUDOESTE PAULISTA COOPERATIVA DE TRABALHO MÉDICO;SP;759185136.24;253061712.08;108718198.40
ASSOCIAÇÃO SÃO LUIZ SAÚDE;SP;753121632.00;251040544.00;10286909.64
CAIXA DE ASSISTÊNCIA DOS MAGISTRADOS DE PERNAMBUCO;PE;750139520.96;250046506.99;17996885.58
ASSOCIAÇÃO POLICIAL DE ASSISTÊNCIA A SAÚDE DA BAIXADA SANTISTA;SP;744133238.08;248044412.69;14422800.42
INTERMEDICI PIRACICABA ASSISTENCIA MEDICA LTDA;SP;743583368.80;247861122.93;3698195.40
SBC SAÚDE LTDA.;SP;731932929.60;243977643.20;14075602.47
UNIMED GURUPI COOPERATIVA DE TRABALHO MÉDICO;TO;721114606.22;240371535.41;39195504.55
PB ASSISTENCIA MEDICA EU LTDA;BA;719999214.32;239999738.11;64329375.54
UNIMED DE MINEIROS COOPERATIVA DE TRABALHO MÉDICO ;GO;705821780.48;235273926.83;14670513.99
VIVENTERIS LTDA;PR;702904786.96;234301595.65;55016024.15
MAIS SAÚDE PLANO DE SAÚDE LTDA;GO;696600388.24;232200129.41;25104813.63
UNIMED DE MOCOCA COOPERATIVA DE TRAB. MÉDICO;SP;661340938.16;220446979.39;5694888.43
UNIMED DE DRACENA - COOPERATIVA DE TRABALHO MÉDICO;SP;659390040.00;219796680.00;17725563.08
UNIMED VERTENTE DO CAPARAÓ - COOPERATIVA DE TRABALHO MÉDICO LTDA;MG;650373864.48;216791288.16;29782873.22
G2C ADMINISTRADORA DE BENEFICIOS LTDA - ME;RJ;649613526.40;216537842.13;70399010.05
UNIMED DE MONTE ALTO - COOPERATIVA DE TRABALHO MÉDICO;SP;643995729.76;214665243.25;35927742.68
PRONTOCLINICA E HOSPITAIS SAO LUCAS S/A;MG;643583936.32;214527978.77;37762923.98
PLANO ODONTOLÓGICO DENTALVIDAS LTDA.;SP;640752105.12;213584035.04;8507417.46
UNIMED REGIÃO DA FRONTEIRA - RS COOPERATIVA DE ASSISTÊNCIA À SAÚDE LTDA.;RS;639773406.88;213257802.29;6550557.68
UNIMED DE REGISTRO COOPERATIVA DE TRABALHO MÉDICO;SP;627961089.44;209320363.15;63895191.30
AMHA SAUDE S/A;SP;627669271.36;209223090.45;16574378.84
CAIXA DE ASSISTÊNCIA DOS EMPREGADOS DO BANESE;SE;614921152.56;204973717.52;60127059.86
NACIONAL ODONTO OPERADORA DE PLANOS ODONTOLÓGICOS LTDA.;PE;612757045.12;204252348.37;30415908.35
ASSOCIAÇÃO FUNDO DE PROTEÇÃO À SAÚDE;PR;611494666.56;203831555.52;13411921.13
VITA ASSISTÊNCIA A SAÚDE LTDA.;MG;610387520.96;203462506.99;107484923.97
UNIMED FRUTAL COOPERATIVA DE TRABALHO MEDICO LTDA;MG;607927212.32;202642404.11;31520256.11
UNIMED TRÊS PONTAS - COOPERATIVA DE TRABALHO MÉDICO;MG;607874658.08;202624886.03;10166669.13
CORPORE ADMINISTRADORA DE BENEFICIOS DA SAUDE LTDA;SP;603335863.04;201111954.35;20715735.58
UNIODONTO PORTO ALEGRE COOPERATIVA ODONTOLOGICA LTDA;RS;603163757.52;201054585.84;23133305.35
SUL DO PARÁ LTDA;PA;597587076.32;199195692.11;48461835.57
ASSOCIAÇÃO PARANAENSE DE ASSISTÊNCIA À SAUDE DOS MEMBROS DO MINISTERIO PUBLICO DO PARANÁ;PR;595568640.80;198522880.27;5219129.39
POLI SAUDE OPERADORA DE PLANO DE SAUDE LTDA;PR;593908911.20;197969637.07;3390838.35
AMPARA ASSISTÊNCIA MÉDICA PARAÍSO LTDA;MG;591271031.20;197090343.73;5509690.14
FUNDAÇÃO FIAT SAÚDE E BEM ESTAR;MG;588839484.32;196279828.11;71286109.85
UNIODONTO REGIONAL COOPERATIVA ODONTOLOGICA;MG;581802000.80;193934000.27;5395449.25
AURORA SAÚDE LTDA;MG;575478486.32;191826162.11;50787954.89
ALLCARE ADMINISTRADORA DE BENEFÍCIOS EM SAÚDE LTDA.;DF;571217425.92;190405808.64;19960946.38
UNIMED REGIÃO DA PRODUÇÃO/RS - COOPERATIVA DE ASSISTÊNCIA À SAÚDE LTDA;RS;567358497.28;189119499.09;6743311.99
ODONTO SEG OPERADORA DE PLANOS ODONTOLOGICOS S.A.;SP;565551559.36;188517186.45;25275820.54
AMEP FREGUESIA OPERADORA DE PLANO DE SAUDE LTDA;RJ;564774955.84;188258318.61;1940860.18
UNIMED DE ADAMANTINA-COOPERATIVA DE TRABALHO MÉDICO;SP;564132564.00;188044188.00;10694047.27
TERRAMAR ADMINISTRADORA DE PLANO DE SAUDE LTDA;BA;562920938.40;187640312.80;100809109.58
ASSOCIAÇÃO PLANO DE SAÚDE SANTA CASA DE VALINHOS;SP;562276767.84;187425589.28;2683523.38
UNIODONTO BELÉM - COOPERATIVA DE ASSISTÊNCIA À SAÚDE ODONTOLÓGICA;PA;560500542.88;186833514.29;40481990.72
FEDERAÇÃO DAS COOP ODONTOLÓGICAS DO ESTADO DE SANTA CATARINA;SC;549746536.88;183248845.63;11263043.38
ASSOCIAÇÃO SAÚDE CONCEIÇÃO;SC;529800979.04;176600326.35;904524.86
UNIMED DE JATAÍ COOPERATIVA DE TRABALHO MÉDICO LTDA.;GO;526801804.00;175600601.33;5681164.06
PLAMER PLANO MEDICO RESENDE LTDA;RJ;515994664.96;171998221.65;5120202.79
SEMPRE ODONTO PLANOS ODONTOLOGICOS LTDA;RJ;504834172.00;168278057.33;1067828.66
SOCIEDADE BENEFICENTE DEZOITO DE JULHO;MG;497612157.44;165870719.15;7163157.34
FUNDAÇÃO DE ASSISTÊNCIA À SAÚDE DA ASSOCIAÇÃO DO MINISTÉRIO PÚBLICO DO RIO GRANDE DO SUL;RS;495427849.44;165142616.48;15567256.51
UNIMED INTRAFEDERATIVA FEDERAÇÃO REGIONAL SUL DE MINAS;MG;492996516.16;164332172.05;30169831.67
EVANGELICO SAUDE LTDA.;PR;489854428.80;163284809.60;42203134.25
UNIBEN ADMINISTRADORA DE BENEFÍCIOS LTDA;MG;489757524.48;163252508.16;9732318.02
BENEVIX ADMINISTRADORA DE BENEFÍCIOS LTDA;ES;488457708.64;162819236.21;31725304.79
UNIMED LEOPOLDINA COOPERATIVA DE TRABALHO MÉDICO LTDA;MG;485946693.12;161982231.04;20863254.03
ASSOCIAÇÃO SANTA CASA CLÍNICAS DE BIRIGUI;SP;482632480.16;160877493.39;17040125.16
UNIMED DE PENAPOLIS - COOPERATIVA DE TRABALHO MEDICO;SP;481216159.04;160405386.35;16818243.79
UNIODONTO DE FORTALEZA COOPERATIVA DE TRABALHO ODONTOLOGICO LTDA;CE;476710087.52;158903362.51;17741364.13
FILOSANITAS SAUDE LTDA;SP;474574444.96;158191481.65;10288665.02
UNIMED PATOS - COOPERATIVA DE TRABALHO MÉDICO;PB;473019234.40;157673078.13;14074853.75
UNIODONTO GOIANIA COOPERATIVA DE CIRURGIÕES DENTISTAS;GO;472010673.44;157336891.15;19458330.78
MEDIATORIE ADMINISTRADORA DE BENEFÍCIOS S/A;ES;468885729.28;156295243.09;13670826.84
TRINO - ALIANCA FILANTRÓPICA DE ASSISTÊNCIA E INTEGRAÇÃO PARA O DESENVOLVIMENTO DA SAUDE;ES;466249094.56;155416364.85;2781316.02
SV SAUDE ADMINSTRADORES DE PLANO DE SAUDE LTDA;RJ;465583544.64;155194514.88;32003246.34
UNIMED CACERES COOPERATIVA DE TRABALHO MÉDICO ;MT;464915957.44;154971985.81;18825950.84
UNIODONTO DE SC COOPERATIVA ADMINISTRADORA DE CONTRATOS;SC;457375828.96;152458609.65;8667381.79
IRMANDADE DA SANTA CASA DE MISERICÓRDIA E MATERNIDADE DONA ZILDA SALVAGNI;SP;454426578.80;151475526.27;2263235.95
UNIMED CALDAS NOVAS - COOPERATIVA DE TRABALHO MEDICO;GO;449900514.00;149966838.00;9564579.51
UNIMED VALE DO CORUMBÁ COOPERATIVA DE TRABALHO MEDICO;GO;447375026.08;149125008.69;19665191.44
UNIMED MACHADO COOPERATIVA DE TRABALHO MEDICO;MG;444950957.76;148316985.92;5744147.65
ASSOCIAÇÃO POLICIAL DE ASSISTÊNCIA À SAÚDE DE RIBEIRÃO PRETO (APAS);SP;443240614.40;147746871.47;7296473.25
ASSOCIACAO DOS PROFESSORES UNIVERSITÁRIOS DA BAHIA;BA;441650180.64;147216726.88;11582362.10
FEDERAÇÃO DAS SOCIEDADES COOPERATIVAS DE TRABALHO MÉDICO DO ACRE, AMAPÁ, AMAZONAS, PARÁ, RONDONIA E RORAIMA;AM;440769125.44;440769125.44;
ASSOCIAÇÃO DOS EMPREGADOS DA COMPANHIA ESTADUAL DE HABITAÇÃO E OBRAS PÚBLICAS - ASSEC;SE;439163866.48;146387955.49;28154745.35
UNIMED REGIONAL DE FLORIANO - COOPERATIVA DE TRABALHO MÉDICO;PI;436022738.72;145340912.91;13807282.38
ATÍVIA SERVIÇOS DE SAÚDE S/A;SP;429212188.00;214606094.00;31540922.58
UNIX SAÚDE S.A;BA;426208878.24;142069626.08;3904288.12
PORTOMED - PORTO SEGURO SERVIÇOS DE SAUDE LTDA;SP;425479401.76;141826467.25;77745759.82
ON MED ASSISTÊNCIA MÉDICA LTDA;RS;422380849.52;140793616.51;67983831.62
CAIXA DE ASSISTÊNCIA DOS EMPREGADOS DO BANEB;BA;420823917.68;140274639.23;20238107.61
ODONTOART PLANOS ODONTOLÓGICOS LTDA;CE;416175288.96;138725096.32;24993434.15
UNIODONTO PIRACICABA - COOPERATIVA ODONTOLÓGICA;SP;413258978.08;137752992.69;18016083.05
HOSPITAL DE PRONTOCLINICA LTDA.;RS;411773186.72;137257728.91;77568450.11
ASSOCIAÇÃO FCA SAÚDE;MG;408527230.08;136175743.36;90308907.77
DESBAN - FUNDAÇÃO BDMG DE SEGURIDADE SOCIAL;MG;405808076.48;135269358.83;12655118.44
UNIMED DE BATATAIS - COOPERATIVA DE TRABALHO MÉDICO;SP;404009482.08;134669827.36;16271726.28
UNIODONTO/RN - COOPERATIVA ODONTOLOGICA DO RIO GRANDE DO NORTE;RN;398448212.64;132816070.88;5517544.01
QV BENEFÍCIOS EM SAÚDE LTDA;RJ;397767644.48;132589214.83;61782250.76
PESSOAL SAÚDE PLANOS DE ASSISTÊNCIA MÉDICA LTDA;SP;395430770.16;131810256.72;33816942.52
ASSOCIAÇÃO DOS AUDITORES FISCAIS DA RECEITA ESTADUAL DO RIO DE JANEIRO;RJ;395245583.84;131748527.95;12549979.55
AME VVIDA PLANOS DE SAUDE INTEGRADO LTDA.;RO;391796627.68;130598875.89;4345562.77
UNIODONTO MACEIÓ COOPERATIVA ODONTOLÓGICA;AL;391771412.48;130590470.83;12487847.00
UNIDENTIS ASSISTENCIA ODONTOLOGICA LTDA.;PB;388886758.40;129628919.47;24488489.38
UNIMED SOUSA - COOPERATIVA DE TRABALHO MÉDICO;PB;385835702.88;128611900.96;4267464.42
UNIMED ALTO JACUÍ/RS - COOPERATIVA DE ASSISTÊNCIA À SAÚDE LTDA;RS;382098732.48;127366244.16;12374968.69
CAIXA SEGURADORA ESPECIALIZADA EM SAÚDE S/A;SP;376636864.16;125545621.39;57665747.01
ASSOCIAÇÃO GOIANA DO MINISTÉRIO PÚBLICO;GO;375518526.56;125172842.19;4222766.81
SANTA CASA DE SAÚDE - SCS;ES;373055145.44;124351715.15;9834891.46
ODONTO EMPRESAS CONVENIOS DENTARIOS LTDA.;SP;372846604.64;124282201.55;32131726.44
UNIODONTO DO BRASIL CENTRAL NACIONAL DAS COOPERATIVAS ODONTÓLOGICAS;SP;366690751.52;122230250.51;16481300.06
ASSOCIAÇÃO POLICIAL DE ASSISTÊNCIA À SAÚDE DE ARAÇATUBA (APAS);SP;361384583.84;120461527.95;2855631.56
ODONTOGROUP SISTEMA DE SAÚDE LTDA.;DF;356633193.52;118877731.17;20846891.48
MAIS SAUDE S/A;ES;354175311.36;177087655.68;11885736.16
UP HEALTH ADMINISTRADORA DE BENEFÍCIOS S/A;ES;353131767.36;117710589.12;19111457.16
COOPERATIVA DOS USUÁRIOS DE SERVIÇOS DE SAÚDE LTDA.;RS;349431196.80;116477065.60;17185029.49
ADVANCE PLANOS DE SAÚDE LTDA;SP;342474823.36;114158274.45;13921130.38
UNIMED VALE DO CARANGOLA COOPERATIVA DE TRABALHO MEDICO LTDA;MG;334260740.32;111420246.77;9791123.41
CAIXA DE ASSISTÊNCIA DO SINDFISCO - CASSIND;SE;331373745.60;110457915.20;11186884.79
UNIMED FEDERAÇAO DO ESTADO DO MATO GROSSO;MT;330361678.24;110120559.41;53565496.34
UNIMED MORRINHOS COOPERATIVA DE TRABALHO MEDICO;GO;330267296.16;110089098.72;23455448.77
UNIMED DO OESTE DA BAHIA COOPERATIVA DE TRABALHO MÉDICO;BA;326041434.24;108680478.08;74356878.90
FUNASA SAÚDE;PB;320231107.92;106743702.64;5055553.29
OPLAN SAÚDE OPERADORA DE PLANO DE SAÚDE LTDA;RJ;320024856.48;106674952.16;33937179.99
VIDA TOP MAIS SAÚDE OPERADORA DE PLANOS DE SAÚDE LTDA.;SP;319483050.08;106494350.03;6621856.97
PRIMA VIDA ODONTOLOGIA DE GRUPO LIMITADA;RJ;317908015.68;105969338.56;5930105.81
ATITUDE SAÚDE ASSISTÊNCIA MEDICA LTDA;BA;316087480.16;105362493.39;21855739.33
SERVDONTO - PLANO DE ASSISTÊNCIA ODONTOLÓGICA LTDA;SE;314904274.96;104968091.65;7484775.66
XP ADMINISTRADORA DE BENEFÍCIOS LTDA.;SP;314309348.96;104769782.99;4975615.68
UNIMED REGIONAL DE PICOS - COOPERATIVA DE TRABALHO MÉDICO;PI;312377277.76;104125759.25;23505370.53
ASSOCIAÇAO UNISAUDE MARAU;RS;311236406.56;103745468.85;6244615.58
VIDAMAX ADMINISTRADORA DE BENEFÍCIOS LTDA;SP;307040937.92;102346979.31;6184861.95
UNIODONTO PAULISTA-FEDERAÇÃO DAS COOPERATIVAS ODONTOLÓGICAS DO ESTADO DE SÃO PAULO;SP;303771182.72;101257060.91;4123216.69
UNIODONTO DE JOÃO PESSOA COOPERATIVA ODONTOLÓGICA;PB;298270279.04;99423426.35;10087869.39
RIO DOCE SAÚDE;ES;296074845.12;98691615.04;3899011.29
UNIMED SÃO JOÃO NEPOMUCENO COOPERATIVA DE TRABALHO MÉDICO LTDA.;MG;295346184.96;98448728.32;7571087.53
LANCERS ADMINISTRADORA DE BENEFÍCIOS DE SAÚDE LTDA.;SP;290680356.48;96893452.16;6081745.54
UNIMED DE CORUMBA COOPERATIVA DE TRABALHO MÉDICO;MS;289490736.32;96496912.11;11092965.68
PLANO ASSISTENCIAL SÃO LUCAS LTDA;MG;287122275.68;95707425.23;34668417.12
UNIMED PONTE NOVA COOPERATIVA DE TRABALHO MEDICO LTDA;MG;286305901.44;95435300.48;7429163.35
ASSOCIAÇÃO VALEPARAIBANA DE ASSISTÊNCIA MÉDICA POLICIAL;SP;285955843.20;95318614.40;20780265.49
EXTRAMED ADMINISTRAÇÃO E SERVIÇOS MÉDICOS LTDA;PR;285061504.64;95020501.55;18401726.07
PLATINUM ADMINISTRADORA DE BENEFICIOS;DF;279236849.76;93078949.92;30831980.62
TOTAL ASSISTÊNCIA MÉDICA HOSPITALAR LTDA;MG;276860774.08;92286924.69;25174632.79
UNIMED CAMPO BELO- COOPERATIVA DE TRABALHO MÉDICO;MG;276501452.80;92167150.93;10774618.16
UNICONSULT - ADMINISTRADORA DE BENEFICIOS E SERVICOS LTDA;SP;268097954.88;89365984.96;112573449.43
AESP ODONTO ASSISTÊNCIA ODONTOLÓGICA S/S LTDA EPP;SP;266502459.84;88834153.28;8506079.14
FUNDACAO CAPITAL PREVIDENCIA E SAUDE - CAPITAL PREV;ES;261219197.92;130609598.96;57208636.71
FUNDAÇÃO PLAMHUV - PLANO MÉDICO HOSPITALAR DOS HOSPITAIS UNIDOS DE VIÇOSA;MG;260049741.12;86683247.04;8691060.66
TECBEN ADMINISTRADORA DE BENEFICIOS LTDA.;SP;253108531.68;84369510.56;51586095.42
PERSONAL CARE OPERADORA DE SAÚDE SA;SP;252279554.56;126139777.28;44667020.99
MEDGOLD ASSISTENCIA MEDICA LTDA - ME;MG;250255702.16;83418567.39;17557448.18
IBBCA 2008 GESTÃO EM SAÚDE LTDA;RJ;245780645.84;81926881.95;21303852.19
ORALE ASSISTÊNCIA ODONTOLÓGICA LTDA;BA;243345076.64;81115025.55;21700271.67
UNIODONTO DE MANAUS - COOPERATIVA ODONTOLÓGICA LTDA.;AM;233245487.36;77748495.79;2781949.06
ASSOCIACAO POLICIAL DE ASSISTENCIA A SAUDE DE PRESIDENTE PRUDENTE (APAS);SP;232842946.08;77614315.36;2838363.25
AME-ASSISTÊNCIA MÉDICA A EMPRESAS LTDA;MG;230124465.76;76708155.25;10797719.41
CAIXA ASSISTENCIAL UNIVERSITARIA DO RIO DE JANEIRO;RJ;223404756.32;74468252.11;5387464.59
SD-M OPERADORA DE PLANOS DE SAUDE LTDA;RJ;220123314.88;73374438.29;13349879.22
ASSOCIAÇÃO DOS FUNCIONÁRIOS FISCAIS DO ESTADO DO AMAZONAS - AFFEAM;AM;219127534.24;73042511.41;10871679.52
SISTEMA TOTAL DE SAÚDE LTDA.;SP;217099578.56;72366526.19;4162942.09
DENTALPAR ASSISTÊNCIA ODONTOLÓGICA EMPRESARIAL LTDA.;SP;215222030.56;71740676.85;8344083.94
R.M.I. OPERADORA DE SAÚDE INTEGRADA LTDA;SP;213836217.76;106918108.88;10292453.86
UNIODONTO DE SOROCABA COOPERATIVA ODONTOLÓGICA;SP;207548505.60;69182835.20;7423722.49
CEDPLAN SAÚDE LTDA EPP;MG;205505092.96;68501697.65;23656930.31
COOPERATIVA DOS USUÁRIOS DE SERVIÇOS DE SAÚDE DO VALE DO RIO DOS SINOS LTDA;RS;205011030.24;68337010.08;5854377.12
UNIODONTO DE AMERICANA COOPERATIVA ODONTOLÓGICA;SP;200670882.40;66890294.13;6466910.51
ANGELI SISTEMAS DE SAUDE S.A.;PR;200187358.08;66729119.36;12851875.18
ASSOCIAÇÃO POLICIAL DE ASSISTÊNCIA A SAÚDE;SP;200024217.28;66674739.09;7690974.19
PRONTO SOCORRO CONDE DE MOREIRA LIMA;SP;196594989.76;65531663.25;18434955.35
UNIODONTO UBERABA - COOPERATIVA DE ASSISTÊNCIA À SAÚDE ODONTOLÓGICA LTDA;MG;195610195.36;65203398.45;2408334.94
ASSOCIACAO DE SAUDE HOLAMBRA;SP;189034201.36;63011400.45;5132174.82
RESOLVE ADMINISTRADORA DE BENEFÍCIOS LTDA;PI;183537680.80;61179226.93;2678897.95
MEDIC GLOBAL PLANOS DE SAÚDE LTDA.;MG;180202602.88;60067534.29;8738103.77
VOCÊ TOTAL PLANOS DE SAÚDE LIMITADA;SP;179998559.04;59999519.68;14532361.91
UNIODONTO DO SUL GOIANO COOPERATIVA ODONTOLOGICA;GO;178918663.36;59639554.45;12027450.89
UNIODONTO DE JUNDIAÍ COOPERATIVA ODONTOLÓGICA;SP;175484654.72;58494884.91;712932.96
ASSOCIAÇÃO SAÚDE RURAL ALEGRETE;RS;173111257.28;57703752.43;10621590.88
CONFIANÇA ASSISTÊNCIA MÉDICO HOSPITALAR LTDA;MG;166956823.92;55652274.64;5625693.15
PLAMESC PLANOS DE SAÚDE LTDA;RJ;164645986.56;54881995.52;4502472.08
ODONT-OPERADORA ODONTOLOGICA LTDA;SP;163797638.88;54599212.96;6907255.44
TELOS - FUNDAÇÃO EMBRATEL DE SEGURIDADE SOCIAL;RJ;163513744.96;54504581.65;11457709.31
ASSOCIACAO POLICIAL DE ASSISTENCIA A SAUDE DE ITAPETININGA;SP;160019395.04;53339798.35;3381442.23
S1 OPERADORA DE PLANO DE SAÚDE LTDA;DF;157636456.96;52545485.65;7476025.12
BLUZZ SAÚDE S/A;ES;154910226.08;51636742.03;41717795.56
PD BRASIL ASSISTENCIA ODONTOLOGICA LTDA;MG;153980417.60;51326805.87;3805705.14
FUNDO DE ASSISTÊNCIA MÉDICO-HOSPITALAR DO MINISTÉRIO PÚBLICO;MS;151551529.28;50517176.43;4736723.12
CAIXA DE ASSISTÊNCIA À SAÚDE DOS TRABALHADORES NAS INDÚSTRIAS METALÚRGICAS, MECÂNICAS E DO MATERIAL ELÉTRICO DE BRUSQUE;SC;151171364.00;50390454.67;814023.02
UNIODONTO DE ARARAQUARA COOPERATIVA ODONTOLÓGICA;SP;149851250.72;49950416.91;1159930.63
DENTAL CENTER LTDA;PB;148252336.00;49417445.33;1396263.03
CARING SAÚDE ASSISTÊNCIA MÉDICA LTDA.;RJ;147203573.60;49067857.87;5394996.44
COMSEDER - COOPERATIVA DE ASSISTÊNCIA MÉDICA DOS SERVIDORES DA SUPLAN E DO DER LTDA;PB;146995369.92;48998456.64;1404180.08
EXCELÊNCIA PLANO DE SAÚDE S/A;ES;146969457.28;48989819.09;19080551.02
NOSAMED ASSISTÊNCIA MÉDICA LTDA.;SP;145816490.72;48605496.91;3334914.81
RODRIGUES LEIRA ODONTOLOGIA LTDA.;SP;145628188.32;48542729.44;1040043.93
ASSOCIAÇÃO UNIVIDA SANTA RITA DO PASSA QUATRO;SP;142872373.92;47624124.64;5496729.22
SOCIEDADE DE ASSISTÊNCIA MÉDICA - SAMEISA;RS;142010516.00;47336838.67;8186294.38
ASSOCIAÇÃO DO FISCO DE ALAGOAS;AL;140046406.48;46682135.49;16955656.87
UNIMED NORTE/NORDESTE-FEDERAÇÃO INTERFEDERATIVA DAS SOCIEDADES COOPERATIVAS DE TRABALHO MÉDICO EM RECUPERAÇÃO JUDICIAL;PB;137612129.92;45870709.97;6291633.91
UNIODONTO MARINGA COOPERATIVA ODONTOLOGICA;PR;136195305.28;45398435.09;1977436.52
PLENUM ASSISTENCIA MEDICA  LTDA;DF;135122236.96;67561118.48;26473390.13
COOPERATIVA ODONTOLÓGICA POÇOS DE CALDAS;MG;134860382.88;44953460.96;1705078.10
PLANO VIDA SAUDE SERVIÇOS ODONTOLOGICOS LTDA;SE;134221435.76;44740478.59;2021545.25
PLANO DE ASSISTÊNCIA MÉDICA MINEIRA LTDA;MG;133774269.92;44591423.31;12511421.70
VALE PLANOS DE SAÚDE LTDA;PE;132782689.36;44260896.45;14690263.98
UNIODONTO VALE HISTORICO COOPERATIVA ODONTOLOGICA;SP;132595621.44;44198540.48;3301446.13
ASSOCIAÇÃO POLICIAL DE ASSISTENCIA À SAUDE DE SAO JOAO DA BOA VISTA;SP;131016347.52;43672115.84;681823.99
UNIMED CAJAZEIRAS - SOCIEDADE COOPERATIVA DE TRABALHO MÉDICO;PB;130820937.60;43606979.20;5719965.11
DENTAL PLUS CONVÊNIO ODONTOLÓGICO LTDA.;SP;127820128.32;42606709.44;5916430.38
DONA SAÚDE CLINICAS LTDA ;SP;127079049.60;42359683.20;37234331.24
SAMIG - SERV. DE ASSISTENCIA MEDICA DA ILHA DO GOVERNADOR LTDA;RJ;126522413.92;42174137.97;5021054.32
HOSPITAL S.P. LTDA.;RS;126134520.00;42044840.00;14879284.23
CAMIM OPERADORA DE PLANO DE SAÚDE LTDA;RJ;125803198.80;41934399.60;5993399.21
DENTAL MASTER LTDA - EPP;AL;125339304.88;41779768.29;3577891.34
DENTAL GOLD ASSISTÊNCIA ODONTOLÓGICA LTDA.;PB;122059442.08;40686480.69;3408822.69
INNOVA PLANO DE SAUDE LTDA;RO;120272981.28;40090993.76;29761603.95
UNIODONTO DE PRESIDENTE PRUDENTE COOPERATIVA ODONTOLOGICA;SP;118983872.80;39661290.93;8395887.64
ASSOCIAÇÃO POLICIAL DE ASSISTÊNCIA À SAÚDE DE BARRETOS;SP;116931581.84;38977193.95;392448.66
HSMED SAUDE LTDA;RJ;116871501.92;38957167.31;1721411.04
UNIODONTO ESPIRITO SANTO COOPERATIVA ODONTOLOGICA;ES;115365142.72;38455047.57;1483652.33
UNIODONTO JACAREÍ COOPERATIVA ODONTOLÓGICA;SP;113501694.56;37833898.19;2214833.74
ASSOCIACAO CIVIL PRÓ-SAÚDE DOS SERVIDORES DA UNIVERSIDADE ESTADUAL DE PONTA GROSSA;PR;112218381.92;37406127.31;1124996.12
UNIODONTO DE LONDRINA COOP. ODONTOLÓGICA;PR;112105068.00;37368356.00;1388971.39
COOPERATIVA ODONTOLÓGICA DO ESTADO DO AMAPÁ;AP;109031010.40;36343670.13;1332453.36
ODONTOLIVE OPERADORA DE PLANOS ODONTOLÓGICOS LTDA.;SP;108390149.44;36130049.81;3611154.00
PLANO DE ASSISTÊNCIA ODONTOLÓGICA FAUCHARD LTDA. ME;BA;103785598.56;34595199.52;2557544.55
ASSOCIAÇÃO DOS SERVIDORES PÚBLICOS DA ADMINISTRAÇÃO DIRETA DO GOVERNO DO ESTADO DO PARÁ - ASPARÁ;PA;103456415.36;34485471.79;6792114.77
VOCÊ CLUBE DE BENEFÍCIOS SOCIAIS, SAÚDE E ODONTOLÓGICO LTDA;SP;101903310.24;33967770.08;63133740.27
ASSOCIAÇÃO HOSPITAL SAÚDE DE VARGEM GRANDE DO SUL;SP;99753114.72;33251038.24;3829317.34
HOSPITAL DE CARIDADE SÃO VICENTE DE PAULO;PR;99431658.88;33143886.29;37714768.17
SERVIX ADMINISTRADORA DE BENEFÍCIOS LTDA;DF;98785860.16;32928620.05;7613225.51
UNIODONTO RS FEDERACAO DAS UNIODONTOS DO RGS LTDA;RS;97169472.80;32389824.27;3863567.78
ASSOCIAÇÃO DOS FISCAIS DE TRIBUTOS ESTADUAIS DO RS - AFISVEC;RS;96790989.92;32263663.31;2745720.69
SALUPLAN ADMINISTRADORA DE BENEFÍCIOS LTDA;SP;93875654.24;31291884.75;1984281.18
CAIXA BENEFICENTE DOS FUNCIONÁRIOS DO GRUPO IGUAÇU;PR;93679200.00;31226400.00;2131811.97
ASSOCIAÇÃO POLICIAL DE ASSISTÊNCIA À SAÚDE DE PRESIDENTE VENCESLAU;SP;89715663.52;29905221.17;1472665.25
UNIMED VALE DO URUCUIA - COOPERATIVA DE TRABALHO MEDICO LTDA;MG;88932432.80;29644144.27;5537176.06
ASSOCIAÇÃO POLICIAL DE ASSISTÊNCIA À SAÚDE APAS;SP;87876867.84;29292289.28;4431165.36
MH VIDA - OPERADORA DE PLANOS DE SAÚDE LTDA;RJ;87706866.24;29235622.08;1070734.27
ASSOCIAÇÃO POLICIAL DE ASSISTÊNCIA À SAÚDE DE JAÚ;SP;86029400.96;28676466.99;2711147.27
ASSOCIAÇÃO POLICIAL DE ASSISTENCIA A SAUDE DE BOTUCATU;SP;85712646.40;28570882.13;10299457.23
MAXMED ADMINISTRADORA DE BENEFICIOS LTDA;SP;84954077.44;28318025.81;3391179.30
QUALIDONTO - QUALIDADE EM ODONTOLOGIA LTDA ;BA;83813053.92;27937684.64;582298.71
SEPACO SAÚDE LTDA;SP;83800791.68;27933597.23;10556676.13
COOPERATIVA DE TRABALHO ODONTOLOGICO - UNIODONTO ITAJUBÁ;MG;81376475.68;27125491.89;427993.45
SALUSMED OPERADORA DE PLANOS DE SAUDE LTDA;SP;80721339.84;26907113.28;5536756.79
BENEFIT ADMINISTRADORA DE BENEFÍCIOS LTDA.;SP;79762663.36;26587554.45;14493358.15
ASSOCIAÇÃO POLICIAL DE ASSISTÊNCIA À SAÚDE DE DRACENA;SP;78827180.96;26275726.99;5273097.94
ASSOCIAÇÃO PADRE PIO PLANOS DE SAÚDE;SP;78416531.60;26138843.87;329626.85
UNIODONTO DE MATO GROSSO COOP TRAB ODONTOLOGICO LTDA;MT;77826259.28;25942086.43;1845398.07
BCI ADMINISTRADORA DE BENEFÍCIOS LTDA.;SP;75379131.52;25126377.17;35658415.87
UNIODONTO DE PINDAMONHANGABA COOP ODONTOLOGICA;SP;75314202.56;25104734.19;6784142.30
CAIXA DE ASSISTÊNCIA DOS EMPREGADOS DO SETOR PÚBLICO DO ESTADO DE GOIÁS - CAEME;GO;69415360.72;23138453.57;2112586.40
BIORAL SISTEMA ODONTOLÓGICO LTDA.;SP;68857075.20;22952358.40;1644227.47
PRESERVE SAUDE ASSISTENCIA MEDICA LTDA;BA;68341220.96;22780406.99;4008478.08
ASSOCIAÇÃO SERVIÇOS ODONTOLÓGICOS DA INDÚSTRIA DE MINAS GERAIS - ODONTOINDUSTRIA;MG;67494144.72;22498048.24;3779998.11
ZURICH SANTANDER BRASIL ODONTO LTDA.;SP;66092619.52;22030873.17;16594660.84
PLURICLUB ADMINISTRADORA DE BENEFÍCIOS LTDA.;SP;65982500.64;21994166.88;695257.02
SORRIDEN CONVÊNIOS ODONTOLÓGICOS S.A.;SP;62424589.44;20808196.48;10776361.14
A.P.S. ADMINISTRADORA DE BENEFÍCOS LTDA.;SP;61563936.32;20521312.11;19253371.92
CROWN ODONTOLOGIA DE GRUPO LTDA;SP;60974647.36;20324882.45;4379041.62
ÔNIX OPERADORA DE PLANOS DE SAÚDE LTDA;RJ;59845545.84;19948515.28;11567338.47
ASSOCIAÇÃO POLICIAL DE ASSISTÊNCIA À SAÚDE - VALE DO RIBEIRA;SP;59300402.56;19766800.85;953288.61
UNIODONTO DE SERTAOZINHO SP COOPERATIVA ODONTOLOGICA;SP;59130609.12;29565304.56;2298573.01
ASSOCIACAO DOS SERVIDORES DA EMDAGRO - ASSEM;SE;58231042.64;19410347.55;1944318.24
ARL ADMINISTRADORA DE BENEFÍCIOS LTDA.;SP;56417529.12;18805843.04;9969730.70
UNICOR ADMINISTRADORA DE BENEFICIOS LTDA;MG;53473081.60;17824360.53;4483744.79
CASA DE SAÚDE NOSSA SENHORA DE FÁTIMA  LTDA.;CE;52342984.32;17447661.44;2251878.15
FUNDO DE ASSISTÊNCIA À SAÚDE DOS FUNCIONÁRIOS DO BEC;CE;47296256.32;15765418.77;15289062.63
UNIMED VALE DO PARAÍBA - FEDERAÇÃO INTRAFEDERATIVA DAS COOPERATIVAS MÉDICAS;SP;46881828.80;15627276.27;15119783.57
PORTO DIAS SAUDE LTDA.;PA;46837329.28;15612443.09;1953835.30
UNIMED PARAIBA - FEDERAÇAO DAS SOCIEDADES COOPERATIVAS DE TRABALHO MEDICO;PB;46331725.12;15443908.37;1510260.04
ASSOC DE ASSIST À SAÚDE DOS SERV DAS UNIV E INST FED, EST E/OU FAC PART EM PE;PE;45079059.84;15026353.28;5970768.40
EVO SAUDE ASSISTENCIA MEDICA LTDA;DF;43548640.24;14516213.41;18495508.93
HEALTH-MED SISTEMA DE SAUDE LTDA;RJ;43088857.28;14362952.43;2393857.49
PREVENT SENIOR CORPORATE OPERADORA DE SAÚDE LTDA.;SP;43069893.60;14356631.20;19072113.36
SAME-SERVIÇO DE ASSISTÊNCIA MÉDICA EMPRESARIAL LTDA.;MA;41821826.08;13940608.69;1218754.43
PLANO SIGMA SAÚDE LTDA;SP;39652592.72;19826296.36;12996442.81
POLIMÉDICA SAÚDE SOCIEDADE SIMPLES LTDA;RS;39546993.12;13182331.04;13940686.63
ODONTO PRIME S/S LTDA;CE;38734654.88;12911551.63;471855.21
CENTRO DE ENDOCRINOLOGIA DE JUNDIAÍ S/S LTDA;SP;38304010.08;12768003.36;2152612.82
NOVAMED PLANOS DE SAUDE LTDA;GO;35494226.72;35494226.72;
VIVER SAUDE LTDA;RN;34124805.92;17062402.96;11380938.97
MEDHEALTH PLANOS DE SAÚDE LTDA;PR;32992919.28;10997639.76;31965089.18
QUALI ADMINISTRADORA DE BENEFÍCIOS S/A;ES;32771793.28;32771793.28;
BRASIL ODONTO OPERADORA DE PLANOS ODONTOLÓGICOS LTDA;TO;32679346.88;10893115.63;579711.90
NOVODENTE S/A;RS;31575906.24;31575906.24;
SAUDIA ASSISTENCIA MÉDICA LTDA;MG;31221841.44;10407280.48;16751564.51
INFINITY SAÚDE SUPLEMENTAR LTDA;MT;30494893.12;10164964.37;3856444.98
ALMA ODONTO OPERADORA DE PLANOS ODONTOLOGICOS LTDA;SP;30405174.56;10135058.19;6787653.28
SISTEMA PREVSAUDE DENTAL LTDA;CE;29534232.00;9844744.00;400212.95
REAL GRANDEZA SAÚDE;RJ;27168692.80;9056230.93;1251679.50
EGRÉGORA  ADMINISTRADORA DE BENEFICIOS S/A;ES;25004131.52;8334710.51;14436128.21
ASSISTÊNCIA MÉDICA 12 DE OUTUBRO LTDA;SP;22851711.36;7617237.12;3399770.38
UNIMED ALTO PARANAIBA COOPERATIVA DE TRABALHO MEDICO;MG;22598823.84;7532941.28;1407618.50
G & M ASSESSORIA MEDICA EMPRESARIAL LTDA;RJ;21860437.60;7286812.53;1599843.29
QUALITY GOLD SAÚDE ADMINISTRADORA DE PLANOS DE SAÚDE LTDA-ME;RJ;21400852.32;7133617.44;15129176.69
ESPLENDOR ADMINISTRADORA DE BENEFÍCIOS LTDA.;DF;20916522.72;6972174.24;2147813.87
SAUDE FACIL PLANOS DE SAUDE LTDA;RJ;20801994.72;20801994.72;
LEXUS ADMINISTRADORA DE BENEFICIOS LTDA;SP;20316308.32;6772102.77;1761198.39
ELITE SAUDE SERVICOS MEDICOS LTDA.;SP;20129373.12;10064686.56;13893793.84
SAGRADA SAÚDE ASSISTÊNCIA MÉDICA LTDA;MG;19493681.36;6497893.79;4234909.63
PLAMEDH - PLANO DE ASSISTÊNCIA MÉDICO-HOSPITALAR LTDA;MG;17726043.20;8863021.60;672741.84
AIRES OPERADORA DE SAUDE LTDA;PE;16619592.80;5539864.27;12230329.83
LIVRI OPERADORA DE PLANO DE SAÚDE LTDA;SP;15596531.84;5198843.95;958225.63
ODILE SERVIÇOS DE SAÚDE LTDA.;SP;14898448.00;4966149.33;112752158.92
UP SOLUÇÕES EM SAÚDE LTDA ;SP;14141394.08;14141394.08;
CLÍNICA SÃO GABRIEL S/S LTDA;SP;13512611.84;4504203.95;350395.27
BEMSTAR ASSISTENCIA MEDICA LTDA;BA;13144214.88;4381404.96;1729306.94
LIFE CLASS ADMINISTRADORA DE BENEFICIOS LTDA.;SP;12533433.12;4177811.04;4763886.60
VCT PLANOS DE SAUDE LTDA;MG;10244959.92;3414986.64;5640221.25
NEXO - ADMINISTRADORA DE BENEFICIOS LTDA;SP;10105162.08;3368387.36;1023039.93
CLICSAUDE ADMINISTRADORA DE BENEFICIOS LTDA;SP;9986667.20;3328889.07;4977162.68
MUITO MAIS SAÚDE ADMINISTRADORA DE BENEFÍCIOS;RJ;9884357.28;3294785.76;4047587.49
FEBRAFITE SAUDE;DF;8913025.60;2971008.53;407308.77
SAUDE SALV ASSISTENCIA MEDICA LTDA;RO;7232814.40;3616407.20;4481152.67
AMPLITUDE PLANOS DE SAUDE LTDA ;MG;5229933.12;1743311.04;121711.51
CASE - CENTRAL DE ADMINISTRAÇÃO DE PLANO DE SAÚDE LTDA;RJ;5164480.16;1721493.39;16912182.96
AP ADMINISTRAÇÃO DE BENEFICIOS - SOCIEDADE SIMPLES UNIPESSOAL LIMITADA;SP;3609912.80;1804956.40;1674588.72
PRO-SAUDE JARINU ASSISTENCIA MEDICA SUPLEMENTAR LTDA.;SP;3551129.20;1183709.73;1158132.28
UNIVIDA USA OPERADORA EM SAUDE S/A;SP;1984129.60;661376.53;1503261.02
SOCIODONTO PLANO DE ASSISTÊNCIA ODONTOLÓGICA LTDA;MG;1944974.56;972487.28;1763582.13
LIKE DENTAL PLANOS ODONTOLÓGICOS SS LTDA;PR;1578708.48;526236.16;218553.23
INTERVIDA ADMINISTRADORA DE BENEFÍCIOS LTDA;SP;1507744.16;502581.39;127264.43
SALUTY ADMINISTRADORA DE BENEFICIOS LTDA;RJ;1473631.20;491210.40;348179.93
VIVER BEM ADMINISTRADORA DE BENEFÍCIOS LTDA;RJ;1153938.64;384646.21;431374.87
BIT LIFE BENEFÍCIOS LTDA;SP;817059.52;272353.17;250402.09
INTEGRA ADMINISTRADORA DE BENEFICIOS LTDA;GO;795984.00;397992.00;59673.48
BEDOIS SERVIÇOS DE ADMINISTRAÇÃO DE BENEFÍCIOS LTDA.;RJ;610002.24;203334.08;41922.50
INTERCLINICAS PLANO VIDA USA OPERADORA DE SAUDE LTDA;SP;163587.52;54529.17;14297292.16
PLAMEDH PLANOS DE SAÚDE LTDA;MG;82902.24;41451.12;65027.46
MAXIMED PLANOS DE SAUDE LTDA;RJ;33357.44;33357.44;
FOX SAÚDE ASSISTÊNCIA MÉDICA INTEGRADA LTDA;PE;32584.80;16292.40;14462.43
SAUDE VIVA ADMINISTRADORA DE BENEFICIOS LTDA;SP;26396.48;8798.83;72554.31
ESPERANÇA OPERADORA DE PLANOS DE SAÚDE LTDA;RJ;5155.52;5155.52;
UNIÃO HOSPITAIS DE PERNAMBUCO LTDA;PE;3541.60;3541.60;
SAUDE INTEGRAL ASSISTENCIA MEDICA LTDA;BA;48.00;16.00;0.00
INTEGRALCARE PLANOS DE SAUDE LTDA;BA;48.00;16.00;0.00
VITACARE PLANOS DE SAUDE LTDA;BA;32.00;10.67;9.24
MEDICAL LIFE PLANOS DE SAÚDE LTDA;BA;32.00;16.00;0.00
RAMED ADMINISTRADORA DE BENEFICIOS LTDA.;SP;-754.88;-251.63;453.40
UNIC ASSISTENCIA MEDICA LTDA;SP;-10000.00;-10000.00;
TOTAL SAUDE  ADMINISTRADORA DE BENEFICIOS EIRELI;ES;-25680.00;-8560.00;13397.79
SANUS ADMINISTRADORA DE BENEFÍCIOS LTDA;ES;-190647.28;-63549.09;70114.61
AMAZIL ASSISTENCIA MEDICA DO BRASIL LTDA;RJ;-219996.48;-73332.16;46866.53
ATIMED ASSISTENCIA MEDICA LTDA;SP;-538940.96;-538940.96;
HEALTH ADMINISTRADORA DE BENEFICIOS LTDA;SP;-884112.96;-294704.32;55802.52
GESTAO VIDA ADMINISTRADORA DE BENEFICIOS LTDA.;SP;-1596484.48;-532161.49;4403184.91
EVOLUÇÃO ADMINISTRADORA DE BENEFICIOS LTDA ;MG;-2904525.20;-968175.07;48275761.58
SALVE SAÚDE ADMINISTRADORA DE BENEFÍCIOS LTDA;RJ;-3402746.88;-1134248.96;3024573.61
CENTRAL OPERADORA DE PLANOS DE SAÚDE NORTE-NORDESTE LTDA;PB;-6754402.40;-2251467.47;4739790.86
SMART CARE SISTEMAS MÉDICOS E ODONTOLÓGICOS LTDA.;SP;-7420921.28;-3710460.64;37216.22
CEAM BRASIL - PLANOS DE SAÚDE LTDA;MG;-28116513.92;-28116513.92;
VITTA SAUDE ADMINISTRADORA DE BENEFICIOS LTDA.;SP;-39391683.68;-13130561.23;27928013.09
YOU ASSISTÊNCIA MÉDICA LTDA.;MG;-81584963.68;-81584963.68;
