Razao_Social;UF;Total_Despesas;Media_Despesas_Trimestre;Desvio_Padrao_Despesas
AMIL ASSISTÊNCIA MÉDICA INTERNACIONAL S.A.;SP;368624575879.52;103430015.68;669621432.34
NOTRE DAME INTERMÉDICA SAÚDE S.A.;SP;202440104310.72;56031028.04;337918954.36
HAPVIDA ASSISTENCIA MEDICA S.A.;CE;201482257084.32;51675367.30;333277031.08
UNIMED NACIONAL - COOPERATIVA CENTRAL;SP;120345938604.16;28190662.59;186493969.67
UNIMED BELO HORIZONTE COOPERATIVA DE TRABALHO MÉDICO;MG;110057346943.36;19400202.18;138448792.72
CAIXA DE ASSISTÊNCIA DOS FUNCIONÁRIOS DO BANCO DO BRASIL;DF;105706354288.48;50528850.04;270573440.47
GEAP AUTOGESTÃO EM SAÚDE;DF;73345849418.24;29900468.58;165449188.15
UNIMED PORTO ALEGRE - COOPERATIVA MÉDICA LTDA.;RS;64023471847.18;15449679.50;97025332.98
UNIMED DO EST. DO RJ FEDERAÇÃO EST. DAS COOPERATIVAS MÉDICAS;RJ;63534536906.88;25505635.05;171598553.54
UNIMED CURITIBA - SOCIEDADE COOPERATIVA DE MÉDICOS;PR;53381900794.08;13154731.59;86577608.36
UNIMED CAMPINAS - COOPERATIVA DE TRABALHO MÉDICO;SP;47114779569.76;9406025.07;76115256.97
CARE PLUS MEDICINA ASSISTENCIAL LTDA.;SP;43673115393.60;23709617.48;114096165.97
OMINT SERVIÇOS DE SAÚDE S.A.;SP;43474351690.40;20861013.29;101070940.42
UNIMED DE FORTALEZA SOCIEDADE COOPERATIVA MÉDICA LTDA.;CE;41934055452.48;8747195.55;63341829.69
PREVENT SENIOR PRIVATE OPERADORA DE SAÚDE LTDA;SP;40965489700.16;16102786.83;324824354.91
SAMEDIL SERVIÇOS DE ATENDIMENTO MÉDICO S/A;ES;39463253307.36;3192819.85;39220979.75
UNIMED GOIANIA COOPERATIVA DE TRABALHO MÉDICO;GO;37655337800.00;10670257.24;66562782.44
CAIXA BENEFICENTE DOS FUNCIONARIOS DO BANCO DO ESTADO DE SÃO PAULO;SP;35254748719.20;16367107.11;145306498.06
UNIMED VITORIA COOPERATIVA DE TRABALHO MEDICO;ES;34567660928.96;7351693.09;48024052.37
FUNDAÇÃO SAÚDE ITAÚ;MG;33590427501.28;9605498.28;61493504.69
SERV  SOCIAL AUTÔNOMO DE ASSIST À SAÚDE DOS SERV PÚBLICOS E MILITARES DE GOIÁS;GO;31949419917.44;23440513.51;122448664.42
GRUPO HOSPITALAR DO RIO DE JANEIRO LTDA;RJ;30324714604.32;11962412.07;73929422.08
FUNDAÇÃO CESP;SP;27139371874.72;19045173.25;70087044.50
UNIMED DO ESTADO DE SÃO PAULO - FEDERAÇÃO ESTADUAL DAS COOP. MÉDICAS;SP;25107417200.96;7773194.18;46903095.12
ODONTOPREV S/A;SP;24212025914.72;9074972.23;62130420.57
UNIMED BELÉM COOPERATIVA DE TRABALHO MÉDICO;PA;22854794590.40;8399409.99;49330259.10
UNIMED GRANDE FLORIANÓPOLIS-COOPERATIVA DE TRABALHO MEDICO;SC;22416345501.60;4804188.92;31489465.54
UNIMED RECIFE COOPERATIVA DE TRABALHO MÉDICO;PE;22190745559.20;8644622.34;48403634.74
UNIMED SAO JOSÉ DO RIO PRETO - COOP. DE TRABALHO MÉDICO;SP;22069083568.64;4907512.47;32457226.39
UNIMED SOROCABA COOPERATIVA DE TRABALHO MÉDICO;SP;20257076706.08;7561432.14;37817333.04
UNIMED CUIABA COOPERATIVA DE TRABALHO MÉDICO;MT;19586267477.76;3850258.99;30236857.59
FUNDAÇÃO ASSISTENCIAL DOS SERVIDORES DO MINISTÉRIO DA FAZENDA;DF;19097029296.80;9375075.75;54661077.18
UNIMED SERRA GAUCHA/RS COOPERATIVA DE ASSISTENCIA A SAUDE LTDA;RS;19056413421.32;3790812.30;26203954.24
UNIMED NATAL SOC. COOP. DE TRAB. MÉDICO;RN;18694040844.32;5741413.04;40001220.11
NOTRE DAME INTERMÉDICA MINAS GERAIS SAÚDE S.A.;CE;18540524103.68;4330886.27;26296512.03
CAIXA DE ASSISTENCIA DOS SERVIDORES DO ESTADO DE MATO GROSSO DO SUL;MS;17360409132.56;8790080.57;43414035.13
UNIMED JOAO PESSOA - COOPERATIVA DE TRABALHO MÉDICO;PB;17022568602.56;6411513.60;35070369.99
UNIMED DE LONDRINA COOPERATIVA DE TRABALHO MÉDICO;PR;16582635650.88;4359262.79;28741869.68
FUNDAÇÃO SÃO FRANCISCO XAVIER;MG;16467379218.40;5975101.31;30011503.78
CLINIPAM CLINICA PARANAENSE DE ASSISTENCIA MEDICA LTDA;CE;16262720140.96;5370779.44;96907976.16
UNIMED MACEIO COOPERATIVA DE TRABALHO MÉDICO;AL;15784373614.08;4909602.99;28488356.38
HUMANA SAÚDE NORDESTE LTDA. ;PI;15775791133.28;4916108.17;30516735.38
SAMP ESPIRITO SANTO ASSISTENCIA MEDICA SA;ES;14723559579.68;4327912.87;27111748.15
UNIMED REGIONAL MARINGÁ COOP.DE TRABALHO MÉDICO;PR;14595546035.86;2083887.21;16724696.60
UNIMED DE SANTOS COOP DE TRAB MEDICO;SP;14365145481.28;3988102.58;24423133.83
UNIMED-SÃO GONÇALO - NITERÓI - SOC.COOP.SERV.MED E HOSP LTDA;RJ;14325389448.94;4597365.03;27361691.33
UNIMED DE RIBEIRAO PRETO - COOPERATIVA DE TRABALHO MÉDICO;SP;14140709014.88;4808129.55;26649068.02
SANTA HELENA ASSISTÊNCIA MÉDICA S/A.;SP;13979822503.84;5488740.68;28579132.03
UNIMED CAMPO GRANDE MS COOPERATIVA DE TRABALHO MÉDICO;MS;13777582158.56;3967055.04;23728985.17
UNIMED DO ESTADO DE SANTA CATARINA FED. EST. DAS COOP. MÉD.;SC;13559648831.04;3554298.51;21068163.37
UNIMED DO ESTADO DO PARANÁ FEDERAÇÃO ESTADUAL DAS COOPERATIVAS MÉDICAS;PR;13383625439.52;1794532.78;14843425.59
CENTRO TRASMONTANO DE SAO PAULO;SP;13013440076.80;8810724.49;37298009.83
ASSOCIAÇÃO DE BENEFICÊNCIA E FILANTROPIA SÃO CRISTOVÃO;SP;12257011220.64;4871626.08;25815642.68
UNIMED BLUMENAU - COOPERATIVA DE TRABALHO MEDICO;SC;12231134480.64;3390943.85;19996027.15
QUALICORP ADMINISTRADORA DE BENEFÍCIOS S.A.;SP;12219796401.92;6616024.04;37898894.05
UNIMED DE BAURU COOPERATIVA DE TRABALHO MÉDICO;SP;12029739692.16;2846601.91;15616262.07
UNIMED DE JOINVILLE COOPERATIVA DE TRABALHO MÉDICO;SC;12023135007.20;4528487.76;20310358.60
UNIMED DE PIRACICABA SOCIEDADE COOPERATIVA DE SERVIÇOS MÉDICOS;SP;11711325629.60;2580155.46;15827701.37
UNIMED LITORAL COOPERATIVA DE TRABALHO MÉDICO LTDA;SC;11343214473.12;2942468.09;16736145.84
UNIMED UBERLÂNDIA COOPERATIVA REGIONAL TRABALHO MÉDICO LTDA;MG;11300194131.84;2505030.84;17706957.17
SUL AMÉRICA PARANÁ CLÍNICAS SERVIÇOS DE SAÚDE S.A.;SP;10750016569.60;3769290.52;54592572.01
UNIMED DE CASCAVEL COOPERATIVA DE TRABALHO MÉDICO;PR;10594061611.04;2486868.92;14544286.38
ALICE OPERADORA LTDA.;SP;10444475063.20;7303828.72;28453228.97
LEVE SAUDE OPERADORA DE PLANOS DE SAUDE S.A;RJ;10425472675.04;4343946.95;18563120.08
POSTAL SAÚDE CAIXA DE ASSISTÊNCIA E SAÚDE DOS EMPREGADOS DOS CORREIOS;DF;10338943234.08;4965870.91;32628408.39
UNIMED - COOPERATIVA DE SERVIÇOS DE SAÚDE DOS VALES DO TAQUARI E RIO PARDO LTDA.;RS;10140026744.96;2409129.66;15290226.34
UNIMED DIVINOPOLIS - COOPERATIVA DE TRABALHO MEDICO LTDA;MG;10096545966.56;3157143.83;17771497.87
UNIMED JUIZ DE FORA COOPERATIVA DE TRABALHO MÉDICO LTDA;MG;10060304126.40;2516334.20;14838549.10
UNIMED SAO JOSE DOS CAMPOS - COOPERATIVA DE TRABALHO MEDICO;SP;9888908865.12;2267578.28;15635579.82
SERVIÇO SOCIAL DA INDÚSTRIA DO PAPEL, PAPELÃO E CORTIÇA DO ESTADO DE SÃO PAULO - SEPACO;SP;9619388390.56;6856299.64;26019226.53
UNIMED TERESINA - COOPERATIVA DE TRABALHO MÉDICO;PI;9585396883.36;3583325.94;18357595.36
CEMIG SAÚDE;MG;9553052653.28;6096396.08;27447111.54
UNIMED DE VOLTA REDONDA COOPERATIVA DE TRABALHO MÉDICO;RJ;9478001938.08;2646008.36;14168693.98
SINDIFISCO NACIONAL - SINDICATO NACIONAL DOS AUDITORES-FISCAIS DA RECEITA FEDERAL DO BRASIL;DF;9249855844.64;4558824.96;21575180.41
UNIMED SÃO CARLOS - COOPERATIVA DE TRABALHO MÉDICO;SP;8748600210.08;2788842.91;15202176.63
UNIMED NOVA IGUACU COOPERATIVA DE TRABALHO MEDICO;RJ;8476007489.60;3067682.77;23483171.44
UNIMED DE MACAÉ COOPERATIVA DE ASSISTÊNCIA À SAÚDE;RJ;8409176849.44;2150134.71;12485628.51
UNIMED VALE DO SINOS - COOPERATIVA DE ASSISTÊNCIA À SAÚDE LTDA;RS;8318185121.58;2009223.46;12361810.35
UNIMED SERGIPE - COOPERATIVA DE TRABALHO MÉDICO;SE;8156060811.68;1858719.42;13775658.21
UNIMED DE PRESIDENTE PRUDENTE COOPERATIVA DE TRAB. MÉDICO;SP;8093925498.08;2304648.49;13695105.32
ASSOCIAÇÃO SANTA SAÚDE;SP;8059364798.72;3918018.86;17171832.56
UNIMED JUNDIAI - COOPERATIVA DE TRABALHO MÉDICO;SP;7960635807.52;2609189.06;14641289.45
PASA - PLANO DE ASSISTENCIA A SAUDE DO APOSENTADO DA VALE;RJ;7930176763.52;3654459.34;18579512.40
UNIMED DO BRASIL - CONF. NACIONAL DAS COOPERATIVAS MÉDICAS;SP;7823785455.68;4753211.09;15612504.64
UNIMED SUL CAPIXABA COOPERATIVA DE TRABALHO MÉDICO;ES;7520468302.88;1685447.85;10841776.45
ASSOCIAÇÃO BENEFICENTE DOS PROFESSORES PÚBLICOS ATIVOS E INATIVOS DO RIO DE JANEIRO - APPAI;RJ;7468544400.72;5803064.80;16252026.23
PLANO HOSPITAL SAMARITANO LTDA;SP;7352481266.24;965652.91;10250768.18
UNIMED UBERABA COOPERATIVA DE TRABALHO MEDICO LTDA.;MG;7249872016.80;2355384.02;12942352.19
UNIMED CHAPECÓ - COOPERATIVA DE TRABALHO MÉDICO DA REGIÃO OESTE CATARINENSE;SC;7183759007.68;2227522.17;11242655.58
UNIMED NORTE DO MATO GROSSO COOPERATIVA DE TRABALHO MÉDICO;MT;7146308921.60;2953020.22;15411398.17
HUMANA SAÚDE LTDA.;PR;7109052240.48;2110763.73;12660832.66
UNIMED FRANCA - SOCIEDADE COOPERATIVA DE SERVIÇOS MÉDICOS E HOSPITALARES;SP;7105893018.56;1659092.46;10291187.77
ASSOCIAÇÃO SANTA CASA SAÚDE DE SÃO JOSÉ DOS CAMPOS;SP;7100275772.64;3744871.19;20044641.61
CENTRO CLÍNICO GAÚCHO LTDA;CE;7047210712.00;2050992.64;12337616.49
UNIMED DE CRICIÚMA COOPERATIVA DE TRABALHO MÉDICO DA REGIÃO CARBONÍFERA;SC;7022670840.32;1841770.48;10522426.54
CAIXA DE ASSISTÊNCIA DOS EMPREGADOS DO BANCO DO ESTADO DO RIO GRANDE DO SUL;RS;6952523168.32;3799192.99;12992933.19
COOPERATIVA DE TRABALHO MÉDICO DE POUSO ALEGRE;MG;6906237563.04;2517767.98;11196132.90
UNIMED PONTA GROSSA COOPERATIVA DE TRABALHO MEDICO;PR;6828408891.04;1125129.16;8240261.83
UNIMED CARUARU-COOPERATIVA DE TRABALHO MEDICO;PE;6742201570.88;2297172.60;12741098.84
ASSOCIAÇÃO DR. BARTHOLOMEU TACCHINI;RS;6730782984.80;3553739.70;12880631.50
INSTITUTO CURITIBA DE SAÚDE;PR;6645041925.44;537624.75;7149310.99
CAIXA DE ASSISTÊNCIA DOS FUNCIONÁRIOS DO BANCO DO NORDESTE DO BRASIL;CE;6611841088.80;3051149.56;16008262.14
DOCTOR CLIN OPERADORA DE PLANOS DE SAÚDE LTDA.;RS;6374675718.08;2627648.69;14011910.19
UNIMED DE SANTA BÁRBARA D'OESTE E AMERICANA - COOP DE TRABALHO MÉDICO;SP;6259783928.80;1607958.88;9944411.87
REAL GRANDEZA - FUNDAÇÃO DE PREVIDÊNCIA E ASSISTÊNCIA SOCIAL;RJ;6152424403.04;3491727.81;14564180.62
SAMEL PLANO DE SAÚDE LTDA;AM;6102746978.08;3716654.68;18188860.76
UNIMED SANTA MARIA/RS - COOPERATIVA DE ASSISTÊNCIA À SAÚDE LTDA;RS;6031715802.40;1728285.33;8737380.04
UNIMED VALE DO SÃO FRANCISCO COOPERATIVA DE TRABALHO MÉDICO;PE;5954573571.68;2160585.48;12009110.58
IRMANDADE DA SANTA CASA DE MISERICÓRDIA DE PIRACICABA;SP;5950180285.04;3256803.66;11726648.46
UNIMED DE GUARULHOS COOPERATIVA DE TRABALHO MÉDICO;SP;5908836353.12;1861050.82;9209245.10
SOBAM CENTRO MÉDICO HOSPITALAR S.A.;SP;5848747138.08;2527548.46;14068639.48
CIRCULO OPERARIO CAXIENSE;RS;5839279584.30;2173159.50;11640718.78
QUALLITY PRÓ SAÚDE PLANO DE ASSISTÊNCIA MÉDICA LTDA.;DF;5824693045.44;2685427.87;13988474.04
UNIMED DE ARARAQUARA - COOP. DE TRAB. MÉDICO;SP;5802400080.48;1982371.06;11424263.87
ASSOCIAÇÃO EVANGELICA BENEFICENTE DE LONDRINA;PR;5762181656.32;2224780.56;9933304.07
UNIMED NOVA FRIBURGO-SOC.COOP.SERV.MED.HOSP.LTDA.;RJ;5757576352.56;2242046.87;12302059.79
IRMANDADE DA SANTA CASA DE MISERICÓRDIA DE PASSOS;MG;5663517704.64;2877803.71;13549050.04
UNIMED DE MARILIA COOPERATIVA DE TRABALHO MÉDICO;SP;5647406379.04;1526738.68;9876725.21
UNIMED CAMPINA GRANDE - COOPERATIVA DE TRABALHO MEDICO LTDA;PB;5640865498.08;2918192.19;13804038.08
ASSOCIACAO DOS AUDITORES FISCAIS DA RECEITA ESTADUAL DE SAO PAULO;SP;5624139373.36;3161404.93;14733814.88
SANTA CASA DE MISERICÓRDIA DE JUIZ DE FORA;MG;5619510337.44;2419074.62;10057029.37
KLINI PLANOS DE SAÚDE LTDA;RJ;5600184037.12;4005854.10;14992787.37
UNIMED DO CEARÁ - FEDERAÇÃO DAS SOCIEDADES COOPERATIVAS MÉDICAS DO ESTADO DO CEARÁ LTDA.;CE;5573052329.84;2665256.97;13180649.82
UNIMED REGIONAL DA BAIXA MOGIANA - COOPERATIVA DE TRABALHO MÉDICO;SP;5548783052.48;1660318.09;10329991.16
FUNDAÇÃO COPEL DE PREVIDÊNCIA E ASSISTÊNCIA SOCIAL;PR;5522403970.24;3355044.94;14402205.59
ASSOCIAÇÃO PETROBRAS DE SAÚDE - APS;RJ;5409174750.80;4219325.08;88157097.21
COOPERATIVA CENTRAL UNIMED DE COOPERATIVAS DE ASSISTÊNCIA À SAÚDE DO RIO GRANDE DO SUL LTDA.;RS;5392789787.68;1145695.73;8199073.67
PLANO DE SAÚDE ANA COSTA LTDA.;SP;5386389902.56;2337842.84;10975956.71
PROMÉDICA - PROTEÇÃO MEDICA A EMPRESAS S.A.;BA;5346481630.72;2975226.28;14585507.60
ASSOCIAÇÃO DE SAÚDE PORTUGUESA DE BENEFICÊNCIA;SP;5267608020.88;3389709.15;16360650.33
AUSTACLINICAS ASSISTÊNCIA MÉDICA E HOSPITALAR LTDA;SP;5177419773.28;2394736.25;11314666.77
FUNDAÇÃO DE SAÚDE ITAIGUAPY;PR;5085795184.36;2777605.23;11409085.86
BRADESCO SAÚDE - OPERADORA DE PLANOS  S/A;SP;5066465442.88;3262373.11;63055150.85
HOSPITAL DE CLÍNICAS DE PASSO FUNDO;RS;5057609188.96;5545624.11;24407902.18
UNIMED SALTO/ITU - COOPERATIVA MÉDICA;SP;4970361438.08;1551298.83;8209155.68
AMPLA PLANOS DE SAUDE LTDA;RJ;4952333095.68;1188179.73;8960805.07
CAIXA DE ASSISTÊNCIA À SAÚDE - CABERJ;RJ;4897033886.72;2710035.36;11749792.61
UNIMED DE CAMPOS COOPERATIVA DE TRABALHO MÉDICO;RJ;4843525573.44;1492152.06;8059248.55
ALVORECER - ASSOCIAÇÃO DE SOCORROS MÚTUOS;SP;4821805174.40;393745.32;5085231.10
PLENA SAÚDE S.A.;SP;4768394733.60;2205547.98;10057782.75
SUPERMED ADMINISTRADORA DE BENEFÍCIOS LTDA.;RJ;4756011782.40;4551207.45;20892913.57
UNIMED RONDONOPOLIS COOPERATIVA DE TRABALHO MÉDICO LTDA;MT;4689542837.60;1181245.05;6999580.17
UNIMED GOVERNADOR VALADARES COOP. DE TRABALHO MÉDICO LTDA.;MG;4664094135.04;1745544.21;9939289.63
BENEFICENCIA SOCIAL BOM SAMARITANO;MG;4626520679.68;2571718.00;14763433.80
IRMANDADE DA SANTA CASA DE MISERICORDIA DE LIMEIRA;SP;4616534731.48;3009475.05;11222935.28
UNIMED LESTE PAULISTA COOPERATIVA DE TRABALHO MÉDICO;SP;4601568035.36;1120693.63;6529031.25
UNIMED ANHANGUERA COOPERATIVA DE TRABALHO MÉDICO;SP;4495082758.56;1494872.88;7893408.23
FUNDACAO LEONOR DE BARROS CAMARGO;SP;4445928985.28;3252325.52;10619160.94
UNIMED PATOS DE MINAS COOPERATIVA TRABALHO MÉDICO LTDA.;MG;4437963705.44;1134158.88;6995414.42
BENEFICENCIA CAMILIANA DO SUL;SP;4392843601.50;3464387.70;22703410.27
UNIMED PORTO VELHO - SOCIEDADE COOPERATIVA MÉDICA LTDA;RO;4369773502.88;1678100.42;9216430.45
BENSAUDE PLANO DE ASSISTENCIA MEDICA HOSPITALAR LTDA.;SP;4323778911.20;1852518.81;10820092.72
INTEGRA ASSISTENCIA MEDICA SA;SP;4321809072.64;3950465.33;15525116.39
CAIXA DE PREVIDÊNCIA E ASSISTÊNCIA DOS SERVIDORES DA FUNDAÇÃO NACIONAL DE SAÚDE - CAPESESP;RJ;4283064748.48;3063708.69;15046420.00
UNIMED DE BOTUCATU COOPERATIVA DE TRABALHO MÉDICO;SP;4275902210.78;1601461.50;7842257.25
SANTA CASA DE MISERICÓRDIA DE VOTUPORANGA;SP;4257529549.12;2649365.00;10702199.48
METRUS INSTITUTO DE SEGURIDADE SOCIAL;SP;4171774141.92;2355603.69;13969551.24
UNIMED NOROESTE/RS - SOCIEDADE COOPERATIVA DE ASSISTÊNCIA À SAÚDE LTDA.;RS;4098036296.64;1246361.40;6469575.80
UNIMED DO SUDOESTE COOPERATIVA DE TRABALHO MEDICO LTDA;BA;4089274227.52;1781042.78;8049917.98
IRMANDADE SANTA CASA DE MISERICÓRDIA DE MARINGÁ;PR;4083805153.20;1899444.26;8153594.84
2CARE OPERADORA DE SAÚDE LTDA.;SP;4074581923.84;2244948.72;10467137.29
UNIMED PELOTAS/RS - COOPERATIVA DE ASSISTÊNCIA À SAÚDE LTDA.;RS;4038815491.68;1345374.91;6929613.61
ABERTTA SAÚDE - ASSOCIAÇÃO BENEFICENTE DOS EMPREGADOS DA ARCELORMITTAL NO BRASIL;MG;4009070130.40;1866419.99;10092328.85
UNIMED AMPARO COOPERATIVA DE TRABALHO MÉDICO;SP;3960080852.48;1375505.68;7426189.56
PROASA SAÚDE;DF;3953715694.24;2749454.59;11593326.70
UNIMED DE BEBEDOURO COOPERATIVA DE TRABALHO MÉDICO;SP;3949550855.68;1384350.11;7595383.30
UNIMED DE LIMEIRA COOPERATIVA DE TRABALHO MÉDICO;SP;3948104467.20;1291919.00;7429305.05
UNIMED DE DOURADOS COOPERATIVA DE TRABALHO MÉDICO LTDA;MS;3907023623.04;1327114.00;6156303.14
MEDISERVICE OPERADORA DE PLANOS DE SAÚDE S.A.;SP;3904356430.08;2051684.93;16033869.70
METLIFE PLANOS ODONTOLÓGICOS LTDA.;SP;3888392811.36;2318659.99;10023645.99
UNIMED DE TUBARAO - COOPERATIVA DE TRABALHO MEDICO DA REGIAO DA AMUREL;SC;3850263027.20;801637.11;4841471.19
H.B. SAÚDE S/A.;SP;3834455975.84;1888894.57;38837189.44
FUNDAÇÃO CELESC DE SEGURIDADE SOCIAL - CELOS;SC;3783684291.84;2136467.70;8834985.31
UNIMED MARANHÃO DO SUL - COOPERATIVA DE TRABALHO MÉDICO;MA;3781613106.72;1131541.92;6140458.55
UNIMED PLANALTO MÉDIO/RS - COOPERATIVA DE ASSISTÊNCIA À SAÚDE LTDA.;RS;3769569121.76;1577885.78;6085874.10
BIOVIDA SAÚDE LTDA.;SP;3762851205.52;306371.21;4299360.88
UNIMED RIO VERDE COOPERATIVA TRABALHO MEDICO;GO;3753870781.92;1220374.12;7919122.68
NOSSA SAÚDE - OPERADORA PLANOS PRIVADOS DE ASSISTÊNCIA  À SAÚDE LTDA.;PR;3703818305.44;1519826.96;8209166.53
UNIMED COSTA OESTE - COOPERATIVA DE TRABALHO MÉDICO;PR;3688060950.08;462105.12;4337757.36
UNIMED DE ARACATUBA - COOPERATIVA DE TRABALHO MÉDICO;SP;3674143863.84;919455.42;5134117.29
CONFERÊNCIA SÃO JOSÉ DO AVAÍ;RJ;3648118519.38;2497001.04;9874537.81
IRMANDADE DA SANTA CASA DE MISERICÓRDIA DE RIO CLARO;SP;3613032405.22;1618742.12;6819330.48
S.P.A SAUDE- SISTEMA DE PROMOÇÃO ASSISTENCIAL;SP;3608321444.00;2239802.26;8964449.44
UNIMED VALE DO SEPOTUBA - COOPERATIVA DE TRABALHO MÉDICO;MT;3542365158.24;1253047.46;6975904.46
FUNDAÇÃO CHESF DE ASSISTÊNCIA E SEGURIDADE SOCIAL;PE;3530742238.72;3936167.49;20494316.05
UNIMED PALMAS COOPERATIVA DE TRABALHO MÉDICO;TO;3508071748.16;995762.63;4608008.27
UNIMED CENTRO RONDÔNIA COOPERATIVA DE TRABALHO MÉDICO;RO;3495560537.60;1246189.14;7156788.16
UNIMED NOROESTE CAPIXABA COOPERATIVA DE TRABALHO MÉDICO.;ES;3436553593.44;1112873.57;5981308.82
MED-TOUR ADMINISTRADORA DE BENEFÍCIOS E EMPREENDIMENTOS LTDA.;SP;3382658885.76;1898237.31;8659504.70
CAIXA DE ASSISTÊNCIA DOS EMPREGADOS DA EMPRESA BRASILEIRA DE PESQUISA  AGROPECUÁRIA;DF;3363203315.36;2800335.82;11321393.48
UNIMED OESTE DO PARÁ - COOPERATIVA DE TRABALHO MÉDICO;PA;3351931038.88;2011963.41;8223168.18
UNIMED REGIONAL JAU - COOPERATIVA DE TRABALHO MÉDICO;SP;3327912480.96;863944.05;5014437.45
UNIMED PETROPOLIS-RJ COOPERATIVA DE TRABALHO MÉDICO;RJ;3293047154.40;1266556.60;6653682.03
LIFE EMPRESARIAL SAÚDE LTDA.;SP;3292905067.84;1429212.27;8630126.52
ALL CARE ADMINISTRADORA DE BENEFÍCIOS SÃO PAULO LTDA;SP;3279679552.00;2129662.05;10398083.67
SERMED-SAÚDE LTDA.;SP;3261434825.44;1377876.99;7475702.84
SÃO LUCAS SAÚDE S/A;SP;3260899553.60;1530938.76;7726198.71
SELECT OPERADORA DE PLANO DE SAUDE LTDA;GO;3259663189.60;2244947.10;8391406.29
LIV LINHAS INTELIGENTES DE ATENÇÃO À VIDA S/A;SP;3197515924.96;258698.70;3245370.03
MÚTUA DOS MAGISTRADOS DO ESTADO DO RIO DE JANEIRO;RJ;3159422172.80;2728343.85;9581628.50
UNIMED RIO BRANCO COOPERATIVA DE TRABALHO MEDICO LTDA;AC;3149954590.56;1047889.09;5915361.28
UNIMED DE RIO CLARO SP COOPERATIVA DE TRABALHO MEDICO;SP;3134590538.80;714843.91;4870450.50
UNIMED SAÚDE E ODONTO S.A;SP;3109102228.24;1456936.38;6554734.41
UNIMED DO CARIRI - SOCIEDADE COOPERATIVA MÉDICA LTDA;CE;3097689896.72;1691802.24;8761837.82
ASSOCIAÇÃO ASSISTENCIAL DE SAÚDE SUPLEMENTAR CRUZ AZUL SAÚDE;SP;3080797636.80;251575.83;3712239.91
CAIXA DE ASSISTÊNCIA OSWALDO CRUZ;RJ;3037640144.00;2285658.50;9979671.53
AMESC - ASSOCIAÇÃO MÉDICA ESPÍRITA CRISTÃ;RJ;3036860826.08;1571060.96;8984591.70
ECONOMUS INSTITUTO DE SEGURIDADE SOCIAL;SP;3004635755.36;2085104.62;7496299.03
UNIMED NORTE CAPIXABA- COOPERATIVA DE TRABALHO MÉDICO;ES;2999916993.76;937767.11;4690856.84
UNIHOSP SAÚDE LTDA;SP;2920266529.60;237768.00;2996223.72
UNIMED REGIONAL DE CAMPO MOURÃO COOP TRAB MEDICO ;PR;2916308460.32;979613.19;4985096.27
UNIMED POÇOS DE CALDAS - SOC. COOP. DE TRAB. E SERVIÇOS MÉDICOS;MG;2863028496.16;1178686.08;5498074.35
AMHE MED ASSISTENCIA A SAUDE LTDA - EPP;SP;2855639877.28;558943.02;4105530.80
UNIMED VARGINHA COOPERATIVA DE TRABALHO MÉDICO;MG;2844683845.12;1065823.85;5087098.43
UNIÃO MÉDICA PLANOS DE SAÚDE S/A;BA;2841647853.20;1508305.65;7446275.23
UNIMED-RIO COOPERATIVA DE TRABALHO MEDICO DO RIO DE JANEIRO;RJ;2840112625.60;3669396.16;202398154.59
SAUDE PAS - MEDICINA E ODONTO;RS;2823656121.12;1989891.56;8866174.59
UNIMED PATO BRANCO SOCIEDADE COOPERATIVA DE MÉDICOS;PR;2822418762.88;743720.36;4945956.49
UNIMED ENCOSTA DA SERRA/RS SOCIEDADE COOPERATIVA DE SERVIÇOS DE SAÚDE LTDA.;RS;2747147067.20;793973.14;4570807.46
UNIMED DE CATANDUVA - COOPERATIVA DE TRABALHO MÉDICO;SP;2745038034.88;793134.36;4030064.51
UNIMED CENTRO OESTE PAULISTA - FEDERAÇÃO INTRAFEDERATIVA DAS COOPERATIVAS MÉDICAS;SP;2742377863.36;1462601.53;6444690.06
UNIMED DE OURINHOS - COOPERATIVA DE TRABALHO MÉDICO;SP;2703785342.32;1063644.90;5492849.27
CABERJ INTEGRAL SAÚDE S.A;RJ;2697697242.88;1903808.92;7844654.01
UNIMED ANÁPOLIS COOPERATIVA DE TRABALHO MÉDICO.;GO;2669917232.82;949472.70;4807805.54
FUNDAÇÃO AFFEMG DE ASSISTÊNCIA E SAÚDE - FUNDAFFEMG;MG;2661346476.16;1454287.69;7170851.82
UNIMED MISSÕES/RS - COOPERATIVA DE ASSISTÊNCIA À SAÚDE LTDA.;RS;2636013629.92;714366.84;4917254.28
SOCIEDADE PORTUGUESA DE BENEFICÊNCIA;RS;2635736924.56;1713743.12;6910411.09
FUNDAÇÃO SANEPAR DE ASSISTÊNCIA SOCIAL;PR;2619723892.00;1545559.82;8107678.05
ASSOCIAÇÃO ADVENTISTA NORTE BRASILEIRA DE PREVENÇÃO E ASSISTÊNCIA A SAÚDE;PA;2569659341.76;1450146.36;21837081.26
UNIMED CONSELHEIRO LAFAIETE COOPERATIVA DE TRABALHO MÉDICO LTDA;MG;2562765886.24;866384.68;4390781.64
UNIMED METROPOLITANA DO AGRESTE - COOPERATIVA DE TRABALHO MÉDICO;AL;2554539688.32;1071085.82;5185532.56
UNIMED NORDESTE PAULISTA - FED. INTRAFEDERATIVA DAS COOP. MÉDICAS;SP;2546768358.40;958512.74;4239318.14
FUNDAÇÃO FILANTRÓPICA E BENEFICENTE DE SAÚDE ARNALDO GAVAZZA FILHO;MG;2512788629.02;1345896.43;5669847.04
UNIMED VALE DO CAÍ/RS - COOPERATIVA DE ASSISTÊNCIA À SAÚDE LTDA.;RS;2456301038.40;794662.26;4225528.15
HBC SAÚDE LTDA.;SP;2393322564.48;1613838.55;7038192.83
UNIMED TEOFILO OTONI COOPERATIVA DE TRABALHO MÉDICO;MG;2322991757.28;1054946.30;5384529.64
DENTAL UNI - COOPERATIVA ODONTOLÓGICA;PR;2313167415.36;1230408.20;5569685.03
UNIMED RESENDE COOPERATIVA DE TRABALHO MÉDICO;RJ;2298628732.32;853556.90;4382128.87
UNIMED ERECHIM - COOPERATIVA DE SERVIÇOS DE SAÚDE LTDA.;RS;2294791150.88;616547.86;3028126.08
CAIXA DE ASSISTENCIA A SAUDE DA UNIVERSIDADE;MG;2294234483.52;1993253.24;7818100.21
PLANO DE SAÚDE DA SANTA CASA DE BRAGANÇA PAULISTA;SP;2287694037.92;1628251.98;7341188.02
SUL AMÉRICA ODONTOLÓGICO S/A;SP;2272112303.04;912494.90;4182634.28
UNIMED CURVELO COOPERATIVA DE TRABALHO MÉDICO LTDA.;MG;2252222632.32;742083.24;3842458.07
UNIMED COSTA DO DESCOBRIMENTO COOPERATIVA DE TRABALHO MÉDICO;BA;2247950117.76;958205.51;5093160.40
UNIMED ARARUAMA COOPERATIVA DE TRABALHO MÉDICO LTDA;RJ;2226540114.88;672061.61;3985523.16
UNIMED NORTE FLUMINENSE COOPERATIVA DE TRABALHO MEDICO;RJ;2225514373.60;882790.31;4057002.00
UNIMED GUARAPUAVA COOPERATIVA DE TRABALHO MÉDICO;PR;2201311807.36;738695.24;3676466.13
BIO SAÚDE SERVIÇOS MÉDICOS LTDA;SP;2200410535.68;1460126.43;7970963.93
ASSOCIAÇÃO SÃO FRANCISCO VIDA;SP;2183898456.48;1205907.49;5823870.89
POLICLIN SAÚDE S/A.;SP;2128561288.16;1340403.83;6863861.17
ASSOCIAÇÃO DE ASSISTÊNCIA À SAÚDE DOS EMPREGADOS DA COPASA;MG;2123801129.44;1241988.96;6170089.06
UNIMED DE BRUSQUE COOPERATIVA DE TRABALHO MÉDICO;SC;2113562991.68;837386.29;3600165.86
OPERADORA UNIESTE DE PLANOS DE SAÚDE LTDA;RJ;2108125238.40;1280756.52;6143990.80
HOSPITAL MATERNIDADE SÃO VICENTE DE PAULO;CE;2084347852.96;168636.56;3173406.82
UNIMED BARRA DO GARÇAS - COOPERATIVA DE TRABALHO MÉDICO;MT;2077458244.64;680910.60;3849232.80
UNIMED LITORAL SUL/RS - COOPERATIVA DE ASSISTÊNCIA À SAÚDE LTDA.;RS;2047512491.04;569386.12;3395120.49
UNIODONTO DE CAMPINAS COOPERATIVA ODONTOLÓGICA;SP;2044731196.64;1094609.85;4811615.36
CENTRAL REGIONAL DAS COOPERATIVAS MÉDICAS - UNIMED CERRADO;GO;2043442868.96;1077765.23;5150560.09
UNIMED INCONFIDENTES COOPERATIVA DE TRABALHO MÉDICO LTDA.;MG;2037893398.40;728860.30;3852648.38
ASSOCIAÇÃO DA SANTA CASA SAÚDE DE RIBEIRÃO PRETO;SP;2033664721.92;1166092.16;5077984.77
UNIMED DE JABOTICABAL COOP. DE TRABALHO MÉDICO;SP;2019995978.88;681510.11;3497414.94
UNIMED MONTES CLAROS COOPERATIVA DE  TRABALHO MÉDICO LTDA.;MG;2012683648.32;797734.30;4671134.62
SANTA CASA DE MISERICÓRDIA E BENEFICÊNCIA PORTUGUESA;SP;2011513708.64;1121245.10;4476240.33
SIM - CAIXA DE ASSISTÊNCIA À SAÚDE;SC;2010494091.68;1110156.87;5577291.98
ASSOCIAÇÃO DOS SERVIDORES MUNICIPAIS, ESTADUAIS E FEDERAIS DO RIO DE JANEIRO;RJ;2006746018.24;1568996.10;5015822.38
ASSOCIAÇAO DOS FUNCIONARIOS PUBLICOS DO ESTADO DO RIO GRANDE DO SUL;RS;1987181904.08;975543.40;4282583.40
UNIMED FRONTEIRA NOROESTE/RS - COOPERATIVA DE ASSISTÊNCIA À SAÚDE LTDA.;RS;1985117187.68;494794.91;2683911.83
UNIMED DE PARANAVAÍ COOPERATIVA DE TRABALHO MÉDICO;PR;1978721913.12;681847.66;3398352.36
UNIMED REGIONAL SUL GOIAS COOP. DE TRABALHO MÉDICO LTDA;GO;1968375470.56;321735.12;2410217.98
UNIMED DE ASSIS COOPERATIVA DE TRABALHO MÉDICO;SP;1939453900.96;603064.02;3643538.31
UNIMED DE PARANAGUÁ COOPERATIVA DE TRABALHO MÉDICO;PR;1934655156.48;423152.92;2916929.86
PLURAL GESTÃO EM PLANOS DE SAÚDE LTDA;RJ;1929109294.88;1325848.31;5603306.44
ASSOCIAÇÃO PADRE ALBINO SAÚDE;SP;1914430145.44;1277990.75;5271770.04
UNIMED ARAXÁ COOPERATIVA DE TRABALHO MÉDICO LTDA.;MG;1904637530.24;648497.63;2838642.52
UNIMED SUDOESTE DE MINAS COOPERATIVA DE TRABALHO MÉDICO;MG;1865208013.28;742223.64;2844829.88
UNIMED ITABIRA COOPERATIVA DE TRABALHO MÉDICO;MG;1853824105.44;831684.21;3570732.23
GOCARE PLANOS DE SAUDE LTDA;SP;1850527036.80;1015656.99;4286368.09
UNIMED DE SÃO ROQUE - COOPERATIVA DE TRABALHO MÉDICO;SP;1847962819.52;604304.39;3527179.75
UNIMED DE TATUI - COOPERATIVA DE TRABALHO MÉDICO;SP;1833677485.44;580829.11;3007020.31
UNIMED ITAJUBA COOPERATIVA DE TRABALHO MEDICO;MG;1816096993.20;684802.79;3294171.46
UNIMED DE BARRA MANSA SOC. COOP. SERV.MED.E HOSPIT.;RJ;1810791323.68;842620.44;4287091.94
FUNDAÇÃO DE SEGURIDADE SOCIAL DA ARCELORMITTAL BRASIL - FUNSSEST;ES;1810515712.00;2376004.87;7118030.48
ELOSAÚDE - ASSOCIAÇÃO DE ASSISTÊNCIA À SAÚDE;SC;1808743861.92;1005975.45;4328889.09
UNIMED EXTREMO SUL COOPERATIVA DE TRABALHO MÉDICO;BA;1800265292.16;709603.98;3726511.76
UNIMED DE CATALÃO COOPERATIVA DE TRABALHO MÉDICO;GO;1797311725.76;570937.65;3022720.71
UNIMED DE MANAUS COOP. DO TRABALHO MÉDICO LTDA;AM;1705378495.44;758620.33;6686540.23
FUNDAÇAO COMPESA DE PREVIDENCIA E ASSISTENCIA - COMPESAPREV;PE;1700390330.24;1308999.48;5749818.40
UNIMED OESTE DO PARANA - COOPERATIVA DE TRABALHO MEDICO;PR;1683730895.36;586665.82;3171404.66
UNIMED APUCARANA COOPERATIVA DE TRABALHO MÉDICO;PR;1675405653.12;472744.26;2833527.29
UNIMED PARÁ DE MINAS COOPERATIVA DE TRABALHO MÉDICO LTDA.;MG;1670316444.96;664405.90;3098827.91
ASSOCIAÇÃO BENEFICENTE DE ASSISTÊNCIA A SAÚDE DOS JUÍZES DO TRABALHO DA 15ª REGIÃO (ABAS 15);SP;1668994813.12;1518648.60;6019875.20
ASSISTÊNCIA MÉDICA SÃO MIGUEL LTDA;SP;1657608481.92;134962.42;1738374.57
UNIMED FRANCISCO BELTRAO COOPERATIVA DE TRABALHO MEDICO;PR;1656546181.92;637623.63;140028518.96
CAIXA DE ASSISTÊNCIA DOS SERVIDORES FAZENDÁRIOS ESTADUAIS;CE;1653990162.24;1116806.32;5037604.42
SAÚDE SANTA TEREZA LTDA.;SP;1652691093.60;932669.92;4295157.45
SAÚDE BRB - CAIXA DE ASSISTÊNCIA ;DF;1636578996.64;933587.56;4443214.62
UNIMED DE PINDAMONHANGABA - COOPERATIVA TRABALHO MEDICO;SP;1625774879.04;462130.44;2601923.45
UNIMED ALTO SÃO FRANCISCO COOPERATIVA DE TRABALHO MÉDICO;MG;1625476489.12;584914.17;2430120.50
SANTA CASA DE MISERICORDIA DE SAO JOAQUIM DA BARRA;SP;1622942075.20;822992.94;3207942.68
CAIXA DE ASSISTÊNCIA À SAÚDE DOS SERVIDORES PÚBLICOS DO ESTADO DO MATO GROSSO DO SUL;MS;1602480774.72;984929.79;4438730.50
UNIMED DE SOBRAL SOCIEDADE COOPERATIVA MÉDICA LTDA;CE;1590695147.68;825906.10;3408187.96
OESTE SAÚDE ASSISTÊNCIA A SAÚDE SUPLEMENTAR S.A;SP;1587210637.84;953279.66;4359823.89
UNIMED DE CAÇAPAVA - COOPERATIVA DE TRABALHO MEDICO;SP;1566451391.04;415063.96;2987555.02
SAMI ASSISTÊNCIA MÉDICA LTDA;SP;1521693415.84;1201969.52;5334047.27
UNIMED MEIO OESTE CATARINENSE COOPERATIVA DE TRABALHO MÉDICO;SC;1512695245.12;472422.00;2647293.77
ASSOCIAÇÃO SANTA CASA SAÚDE DE ARAÇATUBA;SP;1512509357.44;455437.93;2847593.71
AGROS - INSTITUTO UFV DE SEGURIDADE SOCIAL;MG;1508890238.08;967857.75;4268045.32
VALEM ADMINISTRADORA DE BENEFÍCIOS LTDA;MG;1508558924.48;1017234.61;3345210.60
ASSOCIAÇÃO DOS SERVIDORES FISCAIS DO ESTADO DA BAHIA;BA;1502875622.90;924846.54;4533267.92
TEMPO MED PLANO DE SAUDE LTDA;SC;1493399628.96;951816.21;3995766.15
UNIMED ALTO VALE - COOPERATIVA DE TRABALHO MÉDICO;SC;1490029480.96;473025.23;2771914.53
UNIMED JOÃO MONLEVADE COOPERATIVA DE TRABALHO MÉDICO LTDA.;MG;1488126328.96;623690.83;3268582.21
UNIMED SÃO LOURENÇO COOPERATIVA DE TRABALHO MÉDICO;MG;1474838081.92;540828.05;2611203.95
LUMINAR SAÚDE - ASSOCIAÇÃO DE ASSISTÊNCIA À SAÚDE;DF;1466680685.06;686648.26;4325655.38
SISTEMAS E PLANOS DE SAÚDE LTDA.;SP;1460452923.36;795020.64;3632645.44
UNIMED SÃO JOÃO DEL REI - COOPERATIVA DE TRABALHO MÉDICO;MG;1450483433.28;453559.55;2823446.56
CAIXA ASSISTENCIAL E BENEFICENTE DOS FUNCIONÁRIOS DA ACARESC;SC;1437724105.28;1005401.47;4643963.08
SANTA CASA DA MISERICÓRDIA DE SÃO JOÃO DEL REI;MG;1408274588.56;1162902.22;4474852.05
ASSOCIAÇÃO BENEFICENTE CATÓLICA;MG;1405731657.12;786643.34;3708751.37
HOSPITAIS E CLÍNICAS DO PIAUÍ S/S LTDA;PI;1402984008.80;798056.89;3357704.77
CENTRO HOSPITALAR ATIBAIA LTDA.;SP;1397538015.04;1012708.71;5869390.12
UNIMED NOROESTE DO PARANÁ COOP DE TRABALHO MÉDICO .;PR;1394760964.96;496179.64;2650452.47
UNIMED DE CAPIVARI -COOPERATIVA DE TRABALHO MÉDICO;SP;1393236986.72;370837.63;1915599.21
PRONTOMED PLANOS DE SAÚDE LTDA;MG;1390142284.80;772301.27;3197196.51
CAIXA DE ASSISTÊNCIA DOS EMPREGADOS DA SANEAGO;GO;1389614790.00;1429644.85;5488257.31
CAIXA DE ASSISTÊNCIA DOS FUNCIONÁRIOS DO BANCO DA AMAZÔNIA - CASF;PA;1381651920.00;732194.98;3064357.59
UNIMED SUL PAULISTA - COOPERATIVA DE TRABALHO MÉDICO;SP;1376131589.92;366382.21;2229606.31
UNIMED BARBACENA - COOPERATIVA DE TRABALHO MÉDICO LTDA;MG;1374779377.92;525929.37;2747391.84
BEST SENIOR OPERADORA DE SAÚDE LTDA;ES;1368528812.16;827405.57;4091388.10
SANTA CASA DE MAUÁ SAÚDE;SP;1355882256.64;110720.42;1931508.65
ASSOCIAÇÃO DE ASSISTÊNCIA MÉDICO HOSPITALAR DOS MAGISTRADOS DO ESTADO DO PARANÁ;PR;1348468628.32;1057622.45;3836757.35
UNIMED OS BANDEIRANTES COOPERATIVA DE TRABALHO MÉDICO;SP;1347916145.76;492299.54;2654839.21
CARE PLUS ODONTOLOGIA ASSISTENCIAL LTDA.;SP;1342084875.20;783470.45;4032552.39
UNIMED CENTRO SUL FLUMINENSE COOPERATIVA DE TRABALHO MÉDICO;RJ;1340097666.08;474875.15;2815689.13
UNIMED DE LINS - COOPERATIVA DE TRABALHOS MÉDICOS;SP;1333740423.68;317481.65;1974819.27
UNIMED LAVRAS COOPERATIVA DE TRABALHO MÉDICO;MG;1331135907.84;443121.14;2379591.34
UNIMED DE AVARÉ COOPERATIVA DE TRABALHO MÉDICO;SP;1321002711.36;489079.12;2196840.87
PLAMED PLANO DE ASSISTENCIA MEDICA LTDA;SE;1305186361.52;1085845.56;4345198.42
CAIXA DE ASSISTÊNCIA DOS EMPREGADOS DO SISTEMA FINANCEIRO BANESTES;ES;1300173886.88;918850.80;3601837.40
PREVIDENT ASSISTÊNCIA ODONTOLÓGICA S.A;SP;1295750251.52;1025930.52;5341817.94
UNIMED ALTA MOGIANA COOPERATIVA DE TRABALHO MÉDICO;SP;1295120938.24;449382.70;2425569.49
UNIMED VILHENA - COOPERATIVA DE TRABALHO MEDICO LTDA;RO;1293569907.52;585061.02;2333043.63
UNIMED REGIONAL DE TRES LAGOAS COOPERATIVA DE TRABALHO MÉDICO;MS;1282487352.80;524964.12;2239617.89
COOPERATIVA DE TRABALHO MEDICO REGIÃO DO PLANALTO SERRANO;SC;1279359908.96;398678.69;2130828.99
UNIMED CABO FRIO COOPERATIVA TRABALHO MÉDICO LTDA.;RJ;1277661649.60;556715.32;2720621.69
UNIMED CENTRO PAULISTA - FEDERAÇÃO INTRAFEDERATIVA DAS COOPERATIVAS MÉDICAS;SP;1272545407.36;708544.21;3401248.47
AMEPLAN ASSISTÊNCIA MÉDICA PLANEJADA LTDA;SP;1272249916.64;204213.47;2328852.34
UNIMED MURIAÉ COOPERATIVA DE TRABALHO MEDICO LTDA;MG;1270702758.56;689101.28;3059713.92
UNIMED ALTO DA SERRA - SOCIEDADE COOPERATIVA DE SERVIÇO MÉDICO LTDA.;RS;1267806451.20;360274.64;1827928.89
UNIMED DE LENÇOIS PAULISTA - COOPERATIVA DE TRABALHO MÉDICO;SP;1266973009.92;475769.06;2568211.49
UNIMED DE GUARATINGUETA-COOPERATIVA DE TRABALHO MÉDICO;SP;1252910603.04;494049.92;2580000.67
UNIMED NORTE PIONEIRO - COOPERATIVA DE TRABALHO MÉDICO;PR;1251963263.84;474048.95;2415951.44
SAMOC S.A. - SOCIEDADE ASSISTENCIAL MÉDICA E ODONTO CIRÚRGICA;RJ;1241580616.96;727346.58;3454688.96
VIVACOM PLANOS DE SAÚDE;GO;1240455854.40;702409.88;3171835.29
HOSPITAL CESAR LEITE;MG;1239788571.20;886196.26;3781794.11
UNIMED ITAÚNA COOPERATIVA DE TRABALHO MÉDICO LTDA.;MG;1234684246.56;456276.51;2287070.04
UNIMED ARAGUARI COOPERATIVA DE TRABALHO MÉDICO ;MG;1227000530.88;504523.24;2691319.45
UNIMED DE BIRIGUI - COOPERATIVA DE TRABALHO MÉDICO;SP;1224985783.04;417087.43;2038650.98
AFFIX ADMINISTRADORA DE BENEFÍCIOS LTDA;SP;1223446858.56;98984.37;1195994.92
UNIMED TRÊS RIOS COOPERATIVA DE TRABALHO MÉDICO;RJ;1222345085.92;583179.91;2660912.45
SÃO FRANCISCO ASSISTÊNCIA MÉDICA LTDA;PE;1221753437.60;773261.67;4086286.38
SANTA CASA DE MISERICÓRDIA DE TUPÃ;SP;1213071977.04;873341.96;3332236.98
GARANTIA DE SAÚDE LTDA;SP;1211255925.44;793225.88;3846321.29
ESMALE ASSISTENCIA INTERNACIONAL DE SAUDE LTDA.;AL;1207644153.68;855272.06;4003098.45
PARANA ASSISTENCIA MEDICA LTDA;PR;1204761651.68;554423.22;3025252.96
UNIMED ITUIUTABA COOPERATIVA TRABALHO MÉDICO LTDA.;MG;1199011900.64;477123.72;2278437.85
UNIMED EXTREMO OESTE CATARINENSE COOPERATIVA DE TRABALHO MÉDICO;SC;1188091103.20;399090.06;2188753.34
UNITY SERVIÇOS INTEGRADOS DE SAÚDE LTDA.;DF;1184063679.68;703543.48;3056926.65
ASSOCIAÇÃO DE ASSISTÊNCIA À SAÚDE DA AMAGIS;MG;1174244992.96;760029.12;3390594.08
CAIXA ASSISTENCIAL UNIVERSITÁRIA DO RIO GRANDE DO NORTE;RN;1172138814.32;787198.67;3444507.61
UNIMED PATROCÍNIO COOPERATIVA DE TRABALHO MÉDICO LTDA.;MG;1163605146.88;553307.25;2265044.51
INSTITUIÇÃO BENEFICENTE CEL MASSOT - IBCM;RS;1158926418.08;719830.07;3347839.04
UNIMED CAÇADOR COOPERATIVA DE TRABALHO MÉDICO DA REGIÃO DO CONTESTADO;SC;1154586068.48;529626.64;2442413.55
IRMANDADE DE MISERICÓRDIA DO HOSPITAL DA SANTA CASA DE MONTE ALTO;SP;1154006483.04;724423.40;2623292.27
ASSOCIAÇÃO MINEIRA DE ASSISTÊNCIA À SAÚDE DOS MEMBROS DO MINISTÉRIO PÚBLICO;MG;1143830989.28;1022190.34;3905834.85
FUNDAÇÃO LIBERTAS DE SEGURIDADE SOCIAL;MG;1141123376.32;885278.03;3249633.14
OPERADORA UNICENTRAL DE PLANOS DE SAÚDE LTDA.;SP;1129904893.76;706632.20;3929914.22
COOPERATIVA DE TRABALHO MÉDICO DO PLANALTO NORTE DE SANTA CATARINA LTDA;SC;1124559437.28;380819.32;1979613.58
SULMED - ASSISTÊNCIA MÉDICA LTDA;RS;1121026408.80;541035.91;3224958.84
SANTA CASA DE MISERICORDIA HOSPITAL SÃO VICENTE;SP;1117766449.76;774612.92;2857439.58
IRMANDADE DE MISERICORDIA DE PORTO FERREIRA;SP;1117326099.52;788515.24;2782147.82
MATÃO CLINICAS & AMHMA SAÚDE LTDA;SP;1110144385.92;644683.15;2916900.60
SAÚDE BRASIL ASSISTÊNCIA MÉDICA LTDA.;SP;1108972031.92;999974.78;3372052.39
UNIMED DE IBITINGA COOPERATIVA DE TRABALHO MÉDICO;SP;1107976583.68;487451.20;2400657.30
UNIMED COSTA VERDE RJ;RJ;1106793404.16;517919.23;2445950.96
CAIXA DE ASSISTÊNCIA À SAÚDE DO SINDICATO DOS FUNCIONÁRIOS INTEGRANTES DO GRUPO OCUPACIONAL ADMINISTRAÇÃO TRIBUTÁRIA DO ESTADO DE PERNAMBUCO;PE;1103981313.92;712705.82;3311151.33
UNIMED DE BARRETOS COOPERATIVA DE TRABALHO MÉDICO;SP;1099942058.08;576489.55;2528181.42
UNIMED VALE DAS ANTAS, RS - COOPERATIVA DE ASSISTÊNCIA À SAÚDE LTDA.;RS;1085086741.92;299830.54;1790209.41
ASSOCIAÇÃO DE SAÚDE DOS FORNECEDORES DE CANA DE PIRACICABA E REGIÃO;SP;1071594803.84;786780.33;3362546.54
UNIMED VIÇOSA - COOPERATIVA DE TRABALHO MÉDICO;MG;1069044794.24;437416.04;1854655.63
UNIMED VALE DO AÇO COOPERATIVA DE TRABALHO MÉDICO;MG;1060834761.92;561585.37;10489058.45
UNIMED GUAXUPÉ COOPERATIVA DE TRABALHO MEDICO;MG;1039951048.00;412515.29;2153468.01
SÃO DOMINGOS SAÚDE- ASSISTÊNCIA MÉDICA  LTDA;SP;1038290044.48;547621.33;2377074.80
GAMA SAUDE LTDA.;SP;1032914418.56;712846.39;22271223.99
ELETROS SAÚDE - ASSOCIAÇÃO DE ASSISTÊNCIA À SAÚDE;RJ;1032537072.16;601361.14;3040156.87
UNIMED NORTE PAULISTA - COOPERATIVA DE TRABALHO MÉDICO;SP;1013312725.76;396289.69;2052639.57
BRASILDENTAL OPERADORA DE PLANOS ODONTOLÓGICOS S.A.;SP;1011492154.56;600648.55;4069145.80
UNIODONTO DE SÃO JOSÉ DOS CAMPOS COOPERATIVA DE TRABALHO ODONTOLÓGICO;SP;1007683803.36;624726.47;2360121.61
CAIXA DE ASSISTÊNCIA SISTEMA SAÚDE INTEGRAL-SSI SAUDE;RS;1002088031.28;730384.86;3045613.21
UNIMED DE LORENA COOPERATIVA DE TRABALHO MÉDICO;SP;1001803154.24;356006.81;1876972.21
ASSOCIAÇÃO POLICIAL DE ASSISTÊNCIA À SAÚDE;SP;992208680.16;68150.88;748882.55
ÚNICA ASSISTENCIA MEDICA LTDA ;SP;989846360.96;1163156.71;4276607.62
ASSOCIAÇÃO DE SAÚDE DO VALE;SC;985368836.32;699339.13;3195215.16
ANAFE SAUDE;GO;977968184.16;950406.40;3434072.24
UNIMED NORTE DO PARANÁ COOPERATIVA REGIONAL DE TRABALHO MÉDICO;PR;975482940.96;326357.62;1469787.48
GS PLANO GLOBAL DE SAÚDE LTDA;RJ;975133737.12;621104.29;2494830.94
ASSOCIAÇÃO MAIS SAÚDE SANTA CASA DE SÃO JOÃO DA BOA VISTA;SP;969525633.60;635754.51;2849043.21
UNIMED DE UBA COOPERATIVA DE TRABALHO MEDICO;MG;950723407.20;384441.33;1707181.48
NOVA SAÚDE OPERADORA INTEGRADA DE SAÚDE LTDA;RJ;950084814.08;807208.85;5734814.20
UNIMED DE CIANORTE - COOPERATIVA DE TRABALHO MEDICO ;PR;946399387.36;373923.11;400393147.56
AMAZÔNIA PLANOS DE SAÚDE LTDA;PA;943080182.24;721560.97;3153985.86
PLADISA PLANOS DE SAÚDE SA;SC;936147486.24;534941.42;2639661.69
PLANO DE SAUDE ASES LTDA.;RJ;932692188.32;524868.99;2599764.60
UNIMED TRÊS CORAÇÕES COOPERATIVA DE TRABALHO MÉDICO LTDA.;MG;927804526.56;364130.50;1622290.32
UNIMED MARQUES DE VALENÇA COOPERATIVA DE TRABALHO MÉDICO LTDA.;RJ;918387561.92;430359.68;2136942.24
CAIXA DE ASSISTÊNCIA À SAUDE DOS EMPREGADOS DA CODEVASF - CASEC;DF;917389363.04;796344.93;3302922.42
UNIMED DE ANDRADINA - COOPERATIVA DE TRABALHO MÉDICO;SP;889222480.16;333291.78;1626840.59
UNIMED ALFENAS COOPERATIVA DE TRABALHO MEDICO;MG;886663699.84;365936.32;1485989.96
ASSOCIAÇÃO DOS FUNCIONÁRIOS DO FISCO DO ESTADO DE GOIÁS;GO;874451447.52;630462.47;2433117.68
UNIMED VALE DO JAURU COOPERATIVA DE TRABALHO MÉDICO;MT;873592797.44;312332.07;1686644.66
UNIMED NOROESTE FLUMINENSE - COOPERATIVA DE TRABALHO MÉDICO LTDA;RJ;870868160.48;598946.47;2449739.98
ASSOCIAÇÃO DO PLANO DE SAÚDE DA SANTA CASA DE MISERICÓRDIA DE ITABUNA - PLANSUL;BA;866328381.60;517519.94;2511767.43
ASSOCIAÇÃO SAÚDE SÃO JOSÉ;SC;858475831.36;544372.75;2439542.72
UNIMED VALE DO PIQUIRI-COOPERATIVA DE TRABALHO MÉDICO VALE DO PIQUIRI ;PR;853350090.08;248790.11;1344931.91
CAIXA DE ASSISTÊNCIA AOS MEMBROS DA DEFENSORIA PÚBLICA DO ESTADO DO RIO DE JANEIRO;RJ;836527052.80;565985.83;2271526.69
UNIMED PLANALTO CENTRAL/RS - COOPERATIVA DE ASSISTÊNCIA  À SAÚDE LTDA.;RS;829089675.52;242636.72;1235999.32
QUALICORP CLUBE DE SAÚDE ADMINISTRADORA DE BENEFÍCIOS LTDA.;SP;818663096.64;637588.08;6005747.34
OPERADORA DE PLANOS PRIVADOS DE SAÚDE - SANTA CASA SAÚDE LTDA;MS;810566297.28;568021.23;2166555.12
UNIMED DE SAO JOSÉ DO RIO PARDO-COOP. DE TRAB. MÉDICO;SP;809852784.00;375801.76;1629915.77
UNIMED CARATINGA - COOPERATIVA DE TRABALHO MÉDICO LTDA;MG;803672963.84;357029.30;1634288.96
UNIMED CATAGUASES COOPERATIVA DE TRABALHO MÉDICO LTDA;MG;801672950.72;292261.37;1439778.75
ASSOCIAÇÃO DOS AUDITORES FISCAIS DO ESTADO DA PARAÍBA - AFRAFEP;PB;800934449.28;498403.52;2452740.05
UNIMED DE PIRASSUNUNGA COOPERATIVA DE TRABALHO MÉDICO;SP;800770854.88;424586.88;1760216.99
UNIMED SÃO SEBASTIÃO DO PARAÍSO COOPERATIVA DE TRABALHO MÉDICO;MG;796633605.92;367112.26;1540666.14
LEADER ASSISTÊNCIA MÉDICA E HOSPITALAR LTDA.;SP;792707467.68;64463.48;952956.59
COOPERATIVA DE TRABALHO MEDICO DE ARAGUAÍNA - UNIMED ARAGUAÍNA;TO;790949967.36;206460.45;1334270.05
UNIMED PONTAL DO TRIÂNGULO - COOPERATIVA DE TRABALHO MÉDICO;MG;784223632.16;296268.84;1443832.01
UNIMED DE TUPA COOPERATIVA DE TRABALHO MÉDICO;SP;782380671.04;236440.21;1415114.94
UNIMED NOROESTE DE MINAS COOPERATIVA DE TRABALHO MEDICO LTDA;MG;776757570.40;343090.80;1513247.03
SANTA CASA DE MISERICÓRDIA E ASILO DOS POBRES DE BATATAIS;SP;773445362.76;406434.77;1666690.75
UNIMED DE TAUBATÉ COOPERATIVA DE TRABALHO MÉDICO;SP;771415831.52;261054.43;1510688.45
SF SISTEMAS DE SAÚDE LTDA;SP;771115576.32;62799.54;766608.61
UNIMED REGIÃO DA CAMPANHA/RS - COOPERATIVA DE ASSISTÊNCIA À SAÚDE LTDA.;RS;762643142.32;200221.36;1054009.12
ASSOCIAÇÃO POLICIAL DE ASSISTÊNCIA À SAÚDE DE BAURU;SP;760227946.24;511593.50;2486093.57
UNIMED SUDOESTE PAULISTA COOPERATIVA DE TRABALHO MÉDICO;SP;759185136.24;382076.06;1394001.72
ASSOCIAÇÃO SÃO LUIZ SAÚDE;SP;753121632.00;661794.05;2861994.58
CAIXA DE ASSISTÊNCIA DOS MAGISTRADOS DE PERNAMBUCO;PE;750139520.96;414670.82;2043622.43
ASSOCIAÇÃO POLICIAL DE ASSISTÊNCIA A SAÚDE DA BAIXADA SANTISTA;SP;744133238.08;578192.10;2121716.98
INTERMEDICI PIRACICABA ASSISTENCIA MEDICA LTDA;SP;743583368.80;428084.84;1919767.65
SBC SAÚDE LTDA.;SP;731932929.60;584610.97;2054897.71
UNIMED GURUPI COOPERATIVA DE TRABALHO MÉDICO;TO;721114606.22;212780.94;1295949.07
PB ASSISTENCIA MEDICA EU LTDA;BA;719999214.32;555983.95;2125522.70
UNIMED DE MINEIROS COOPERATIVA DE TRABALHO MÉDICO ;GO;705821780.48;227391.04;1272099.70
VIVENTERIS LTDA;PR;702904786.96;57328.50;697724.85
MAIS SAÚDE PLANO DE SAÚDE LTDA;GO;696600388.24;753896.52;3019499.05
UNIMED DE MOCOCA COOPERATIVA DE TRAB. MÉDICO;SP;661340938.16;224792.98;1365279.97
UNIMED DE DRACENA - COOPERATIVA DE TRABALHO MÉDICO;SP;659390040.00;230798.05;1090801.67
UNIMED VERTENTE DO CAPARAÓ - COOPERATIVA DE TRABALHO MÉDICO LTDA;MG;650373864.48;277818.82;1493504.07
G2C ADMINISTRADORA DE BENEFICIOS LTDA - ME;RJ;649613526.40;887450.17;2433058.12
UNIMED DE MONTE ALTO - COOPERATIVA DE TRABALHO MÉDICO;SP;643995729.76;364870.10;1406574.90
PRONTOCLINICA E HOSPITAIS SAO LUCAS S/A;MG;643583936.32;265614.50;1315585.82
PLANO ODONTOLÓGICO DENTALVIDAS LTDA.;SP;640752105.12;607347.97;2740152.39
UNIMED REGIÃO DA FRONTEIRA - RS COOPERATIVA DE ASSISTÊNCIA À SAÚDE LTDA.;RS;639773406.88;255093.06;1113796.06
UNIMED DE REGISTRO COOPERATIVA DE TRABALHO MÉDICO;SP;627961089.44;56087.99;658865.20
AMHA SAUDE S/A;SP;627669271.36;412397.68;2743670.34
CAIXA DE ASSISTÊNCIA DOS EMPREGADOS DO BANESE;SE;614921152.56;473016.27;2703103.50
NACIONAL ODONTO OPERADORA DE PLANOS ODONTOLÓGICOS LTDA.;PE;612757045.12;457964.91;1898012.94
ASSOCIAÇÃO FUNDO DE PROTEÇÃO À SAÚDE;PR;611494666.56;510856.03;2115161.45
VITA ASSISTÊNCIA A SAÚDE LTDA.;MG;610387520.96;348792.87;2165190.25
UNIMED FRUTAL COOPERATIVA DE TRABALHO MEDICO LTDA;MG;607927212.32;198733.97;1097130.78
UNIMED TRÊS PONTAS - COOPERATIVA DE TRABALHO MÉDICO;MG;607874658.08;224059.96;1148824.84
CORPORE ADMINISTRADORA DE BENEFICIOS DA SAUDE LTDA;SP;603335863.04;394595.07;1821838.63
UNIODONTO PORTO ALEGRE COOPERATIVA ODONTOLOGICA LTDA;RS;603163757.52;487602.07;1545111.50
SUL DO PARÁ LTDA;PA;597587076.32;452374.77;1507508.34
ASSOCIAÇÃO PARANAENSE DE ASSISTÊNCIA À SAUDE DOS MEMBROS DO MINISTERIO PUBLICO DO PARANÁ;PR;595568640.80;645952.97;2240516.64
POLI SAUDE OPERADORA DE PLANO DE SAUDE LTDA;PR;593908911.20;405122.04;1715201.95
AMPARA ASSISTÊNCIA MÉDICA PARAÍSO LTDA;MG;591271031.20;292998.53;1450670.59
FUNDAÇÃO FIAT SAÚDE E BEM ESTAR;MG;588839484.32;444742.81;2875652.20
UNIODONTO REGIONAL COOPERATIVA ODONTOLOGICA;MG;581802000.80;312965.04;1469960.41
AURORA SAÚDE LTDA;MG;575478486.32;359225.02;1331819.90
ALLCARE ADMINISTRADORA DE BENEFÍCIOS EM SAÚDE LTDA.;DF;571217425.92;458073.32;1734966.62
UNIMED REGIÃO DA PRODUÇÃO/RS - COOPERATIVA DE ASSISTÊNCIA À SAÚDE LTDA;RS;567358497.28;156902.24;874961.81
ODONTO SEG OPERADORA DE PLANOS ODONTOLOGICOS S.A.;SP;565551559.36;46047.19;707244.95
AMEP FREGUESIA OPERADORA DE PLANO DE SAUDE LTDA;RJ;564774955.84;376767.82;1872960.42
UNIMED DE ADAMANTINA-COOPERATIVA DE TRABALHO MÉDICO;SP;564132564.00;203805.12;1080941.61
TERRAMAR ADMINISTRADORA DE PLANO DE SAUDE LTDA;BA;562920938.40;370342.72;2065744.34
ASSOCIAÇÃO PLANO DE SAÚDE SANTA CASA DE VALINHOS;SP;562276767.84;45915.14;612161.61
UNIODONTO BELÉM - COOPERATIVA DE ASSISTÊNCIA À SAÚDE ODONTOLÓGICA;PA;560500542.88;308136.64;1542301.53
FEDERAÇÃO DAS COOP ODONTOLÓGICAS DO ESTADO DE SANTA CATARINA;SC;549746536.88;267256.46;1241815.98
ASSOCIAÇÃO SAÚDE CONCEIÇÃO;SC;529800979.04;346048.97;1895945.28
UNIMED DE JATAÍ COOPERATIVA DE TRABALHO MÉDICO LTDA.;GO;526801804.00;186478.51;884712.78
PLAMER PLANO MEDICO RESENDE LTDA;RJ;515994664.96;41747.14;559467.34
SEMPRE ODONTO PLANOS ODONTOLOGICOS LTDA;RJ;504834172.00;339042.43;1479764.07
SOCIEDADE BENEFICENTE DEZOITO DE JULHO;MG;497612157.44;458628.72;1776096.88
FUNDAÇÃO DE ASSISTÊNCIA À SAÚDE DA ASSOCIAÇÃO DO MINISTÉRIO PÚBLICO DO RIO GRANDE DO SUL;RS;495427849.44;589795.06;2169294.18
UNIMED INTRAFEDERATIVA FEDERAÇÃO REGIONAL SUL DE MINAS;MG;492996516.16;277588.13;1125170.96
EVANGELICO SAUDE LTDA.;PR;489854428.80;273203.81;1146465.12
UNIBEN ADMINISTRADORA DE BENEFÍCIOS LTDA;MG;489757524.48;410870.41;1690718.82
BENEVIX ADMINISTRADORA DE BENEFÍCIOS LTDA;ES;488457708.64;307206.11;2018814.51
UNIMED LEOPOLDINA COOPERATIVA DE TRABALHO MÉDICO LTDA;MG;485946693.12;233965.67;1330328.15
ASSOCIAÇÃO SANTA CASA CLÍNICAS DE BIRIGUI;SP;482632480.16;355661.37;1390768.56
UNIMED DE PENAPOLIS - COOPERATIVA DE TRABALHO MEDICO;SP;481216159.04;181385.66;760690.49
UNIODONTO DE FORTALEZA COOPERATIVA DE TRABALHO ODONTOLOGICO LTDA;CE;476710087.52;257541.92;1225741.36
FILOSANITAS SAUDE LTDA;SP;474574444.96;361167.77;1441935.46
UNIMED PATOS - COOPERATIVA DE TRABALHO MÉDICO;PB;473019234.40;275973.88;922421.31
UNIODONTO GOIANIA COOPERATIVA DE CIRURGIÕES DENTISTAS;GO;472010673.44;256806.68;1231174.78
MEDIATORIE ADMINISTRADORA DE BENEFÍCIOS S/A;ES;468885729.28;363477.31;1624974.02
TRINO - ALIANCA FILANTRÓPICA DE ASSISTÊNCIA E INTEGRAÇÃO PARA O DESENVOLVIMENTO DA SAUDE;ES;466249094.56;423093.55;1587346.96
SV SAUDE ADMINSTRADORES DE PLANO DE SAUDE LTDA;RJ;465583544.64;299796.23;1405065.35
UNIMED CACERES COOPERATIVA DE TRABALHO MÉDICO ;MT;464915957.44;151093.91;842107.07
UNIODONTO DE SC COOPERATIVA ADMINISTRADORA DE CONTRATOS;SC;457375828.96;206863.79;904902.73
IRMANDADE DA SANTA CASA DE MISERICÓRDIA E MATERNIDADE DONA ZILDA SALVAGNI;SP;454426578.80;634673.99;1878572.83
UNIMED CALDAS NOVAS - COOPERATIVA DE TRABALHO MEDICO;GO;449900514.00;224277.42;1086949.51
UNIMED VALE DO CORUMBÁ COOPERATIVA DE TRABALHO MEDICO;GO;447375026.08;241693.69;1187657.37
UNIMED MACHADO COOPERATIVA DE TRABALHO MEDICO;MG;444950957.76;171069.19;748274.49
ASSOCIAÇÃO POLICIAL DE ASSISTÊNCIA À SAÚDE DE RIBEIRÃO PRETO (APAS);SP;443240614.40;90735.03;823390.03
ASSOCIACAO DOS PROFESSORES UNIVERSITÁRIOS DA BAHIA;BA;441650180.64;290368.30;1313576.73
FEDERAÇÃO DAS SOCIEDADES COOPERATIVAS DE TRABALHO MÉDICO DO ACRE, AMAPÁ, AMAZONAS, PARÁ, RONDONIA E RORAIMA;AM;440769125.44;576168.79;2984031.08
ASSOCIAÇÃO DOS EMPREGADOS DA COMPANHIA ESTADUAL DE HABITAÇÃO E OBRAS PÚBLICAS - ASSEC;SE;439163866.48;423494.57;1812013.97
UNIMED REGIONAL DE FLORIANO - COOPERATIVA DE TRABALHO MÉDICO;PI;436022738.72;316417.08;1176293.60
ATÍVIA SERVIÇOS DE SAÚDE S/A;SP;429212188.00;335060.26;1519259.15
UNIX SAÚDE S.A;BA;426208878.24;273737.24;1233947.96
PORTOMED - PORTO SEGURO SERVIÇOS DE SAUDE LTDA;SP;425479401.76;121357.50;820226.20
ON MED ASSISTÊNCIA MÉDICA LTDA;RS;422380849.52;289698.80;1226368.57
CAIXA DE ASSISTÊNCIA DOS EMPREGADOS DO BANEB;BA;420823917.68;269758.92;1704226.58
ODONTOART PLANOS ODONTOLÓGICOS LTDA;CE;416175288.96;267636.84;1031752.77
UNIODONTO PIRACICABA - COOPERATIVA ODONTOLÓGICA;SP;413258978.08;250916.20;1155774.61
HOSPITAL DE PRONTOCLINICA LTDA.;RS;411773186.72;273421.77;1682090.91
ASSOCIAÇÃO FCA SAÚDE;MG;408527230.08;311852.85;2412792.31
DESBAN - FUNDAÇÃO BDMG DE SEGURIDADE SOCIAL;MG;405808076.48;309777.16;1040811.78
UNIMED DE BATATAIS - COOPERATIVA DE TRABALHO MÉDICO;SP;404009482.08;207716.96;736567.87
UNIODONTO/RN - COOPERATIVA ODONTOLOGICA DO RIO GRANDE DO NORTE;RN;398448212.64;239452.05;1004533.64
QV BENEFÍCIOS EM SAÚDE LTDA;RJ;397767644.48;274133.46;1609208.63
PESSOAL SAÚDE PLANOS DE ASSISTÊNCIA MÉDICA LTDA;SP;395430770.16;32251.10;505330.51
ASSOCIAÇÃO DOS AUDITORES FISCAIS DA RECEITA ESTADUAL DO RIO DE JANEIRO;RJ;395245583.84;379314.38;1404604.56
AME VVIDA PLANOS DE SAUDE INTEGRADO LTDA.;RO;391796627.68;394558.54;1448924.73
UNIODONTO MACEIÓ COOPERATIVA ODONTOLÓGICA;AL;391771412.48;286173.42;1196430.39
UNIDENTIS ASSISTENCIA ODONTOLOGICA LTDA.;PB;388886758.40;382762.56;1481311.79
UNIMED SOUSA - COOPERATIVA DE TRABALHO MÉDICO;PB;385835702.88;259997.10;867610.96
UNIMED ALTO JACUÍ/RS - COOPERATIVA DE ASSISTÊNCIA À SAÚDE LTDA;RS;382098732.48;129833.07;645600.97
CAIXA SEGURADORA ESPECIALIZADA EM SAÚDE S/A;SP;376636864.16;273718.65;5828023.28
ASSOCIAÇÃO GOIANA DO MINISTÉRIO PÚBLICO;GO;375518526.56;356279.44;1240783.21
SANTA CASA DE SAÚDE - SCS;ES;373055145.44;265519.68;1146164.97
ODONTO EMPRESAS CONVENIOS DENTARIOS LTDA.;SP;372846604.64;250232.62;1882734.56
UNIODONTO DO BRASIL CENTRAL NACIONAL DAS COOPERATIVAS ODONTÓLOGICAS;SP;366690751.52;234607.01;917205.56
ASSOCIAÇÃO POLICIAL DE ASSISTÊNCIA À SAÚDE DE ARAÇATUBA (APAS);SP;361384583.84;294767.20;1548196.33
ODONTOGROUP SISTEMA DE SAÚDE LTDA.;DF;356633193.52;229493.69;1012044.70
MAIS SAUDE S/A;ES;354175311.36;390921.98;1628259.75
UP HEALTH ADMINISTRADORA DE BENEFÍCIOS S/A;ES;353131767.36;270391.86;1245065.27
COOPERATIVA DOS USUÁRIOS DE SERVIÇOS DE SAÚDE LTDA.;RS;349431196.80;283629.22;1141981.56
ADVANCE PLANOS DE SAÚDE LTDA;SP;342474823.36;259647.33;1633661.78
UNIMED VALE DO CARANGOLA COOPERATIVA DE TRABALHO MEDICO LTDA;MG;334260740.32;177987.61;745644.71
CAIXA DE ASSISTÊNCIA DO SINDFISCO - CASSIND;SE;331373745.60;265311.25;1224683.37
UNIMED FEDERAÇAO DO ESTADO DO MATO GROSSO;MT;330361678.24;348850.77;1939036.66
UNIMED MORRINHOS COOPERATIVA DE TRABALHO MEDICO;GO;330267296.16;174559.88;792744.02
UNIMED DO OESTE DA BAHIA COOPERATIVA DE TRABALHO MÉDICO;BA;326041434.24;183272.31;868713.62
FUNASA SAÚDE;PB;320231107.92;262054.92;1024443.66
OPLAN SAÚDE OPERADORA DE PLANO DE SAÚDE LTDA;RJ;320024856.48;200265.87;745141.22
VIDA TOP MAIS SAÚDE OPERADORA DE PLANOS DE SAÚDE LTDA.;SP;319483050.08;189829.50;865739.26
PRIMA VIDA ODONTOLOGIA DE GRUPO LIMITADA;RJ;317908015.68;257415.40;1017168.09
ATITUDE SAÚDE ASSISTÊNCIA MEDICA LTDA;BA;316087480.16;364576.10;1142330.21
SERVDONTO - PLANO DE ASSISTÊNCIA ODONTOLÓGICA LTDA;SE;314904274.96;228522.70;872129.59
XP ADMINISTRADORA DE BENEFÍCIOS LTDA.;SP;314309348.96;500492.59;1579059.45
UNIMED REGIONAL DE PICOS - COOPERATIVA DE TRABALHO MÉDICO;PI;312377277.76;275222.27;978425.69
ASSOCIAÇAO UNISAUDE MARAU;RS;311236406.56;302464.92;871444.99
VIDAMAX ADMINISTRADORA DE BENEFÍCIOS LTDA;SP;307040937.92;238942.36;894507.95
UNIODONTO PAULISTA-FEDERAÇÃO DAS COOPERATIVAS ODONTOLÓGICAS DO ESTADO DE SÃO PAULO;SP;303771182.72;176919.73;838173.88
UNIODONTO DE JOÃO PESSOA COOPERATIVA ODONTOLÓGICA;PB;298270279.04;191567.30;846107.24
RIO DOCE SAÚDE;ES;296074845.12;226011.33;901041.79
UNIMED SÃO JOÃO NEPOMUCENO COOPERATIVA DE TRABALHO MÉDICO LTDA.;MG;295346184.96;172113.16;764379.49
LANCERS ADMINISTRADORA DE BENEFÍCIOS DE SAÚDE LTDA.;SP;290680356.48;201023.76;813703.19
UNIMED DE CORUMBA COOPERATIVA DE TRABALHO MÉDICO;MS;289490736.32;152443.78;678123.93
PLANO ASSISTENCIAL SÃO LUCAS LTDA;MG;287122275.68;178558.63;793020.81
UNIMED PONTE NOVA COOPERATIVA DE TRABALHO MEDICO LTDA;MG;286305901.44;143944.65;672275.38
ASSOCIAÇÃO VALEPARAIBANA DE ASSISTÊNCIA MÉDICA POLICIAL;SP;285955843.20;240501.13;1164105.81
EXTRAMED ADMINISTRAÇÃO E SERVIÇOS MÉDICOS LTDA;PR;285061504.64;218605.45;1066833.47
PLATINUM ADMINISTRADORA DE BENEFICIOS;DF;279236849.76;207149.00;812037.20
TOTAL ASSISTÊNCIA MÉDICA HOSPITALAR LTDA;MG;276860774.08;289906.57;1137516.05
UNIMED CAMPO BELO- COOPERATIVA DE TRABALHO MÉDICO;MG;276501452.80;113227.46;472875.07
UNICONSULT - ADMINISTRADORA DE BENEFICIOS E SERVICOS LTDA;SP;268097954.88;183002.02;1513382.04
AESP ODONTO ASSISTÊNCIA ODONTOLÓGICA S/S LTDA EPP;SP;266502459.84;21698.62;305565.46
FUNDACAO CAPITAL PREVIDENCIA E SAUDE - CAPITAL PREV;ES;261219197.92;346444.56;1296834.07
FUNDAÇÃO PLAMHUV - PLANO MÉDICO HOSPITALAR DOS HOSPITAIS UNIDOS DE VIÇOSA;MG;260049741.12;167234.56;722478.51
TECBEN ADMINISTRADORA DE BENEFICIOS LTDA.;SP;253108531.68;267274.06;1794340.19
PERSONAL CARE OPERADORA DE SAÚDE SA;SP;252279554.56;30841.02;333295.98
MEDGOLD ASSISTENCIA MEDICA LTDA - ME;MG;250255702.16;136304.85;611198.25
IBBCA 2008 GESTÃO EM SAÚDE LTDA;RJ;245780645.84;203967.34;1402340.01
ORALE ASSISTÊNCIA ODONTOLÓGICA LTDA;BA;243345076.64;184632.08;784353.29
UNIODONTO DE MANAUS - COOPERATIVA ODONTOLÓGICA LTDA.;AM;233245487.36;143095.39;623958.43
ASSOCIACAO POLICIAL DE ASSISTENCIA A SAUDE DE PRESIDENTE PRUDENTE (APAS);SP;232842946.08;166197.68;865130.11
AME-ASSISTÊNCIA MÉDICA A EMPRESAS LTDA;MG;230124465.76;162862.33;576053.88
CAIXA ASSISTENCIAL UNIVERSITARIA DO RIO DE JANEIRO;RJ;223404756.32;192258.83;783273.61
SD-M OPERADORA DE PLANOS DE SAUDE LTDA;RJ;220123314.88;304879.94;667476.47
ASSOCIAÇÃO DOS FUNCIONÁRIOS FISCAIS DO ESTADO DO AMAZONAS - AFFEAM;AM;219127534.24;154098.13;667406.79
SISTEMA TOTAL DE SAÚDE LTDA.;SP;217099578.56;157661.28;641840.27
DENTALPAR ASSISTÊNCIA ODONTOLÓGICA EMPRESARIAL LTDA.;SP;215222030.56;17523.37;192907.32
R.M.I. OPERADORA DE SAÚDE INTEGRADA LTDA;SP;213836217.76;373839.54;1262918.47
UNIODONTO DE SOROCABA COOPERATIVA ODONTOLÓGICA;SP;207548505.60;126553.97;468981.11
CEDPLAN SAÚDE LTDA EPP;MG;205505092.96;137738.00;475287.91
COOPERATIVA DOS USUÁRIOS DE SERVIÇOS DE SAÚDE DO VALE DO RIO DOS SINOS LTDA;RS;205011030.24;173885.52;787797.29
UNIODONTO DE AMERICANA COOPERATIVA ODONTOLÓGICA;SP;200670882.40;144993.41;583580.69
ANGELI SISTEMAS DE SAUDE S.A.;PR;200187358.08;166130.59;618277.21
ASSOCIAÇÃO POLICIAL DE ASSISTÊNCIA A SAÚDE;SP;200024217.28;189596.41;1294056.60
PRONTO SOCORRO CONDE DE MOREIRA LIMA;SP;196594989.76;109584.72;519436.42
UNIODONTO UBERABA - COOPERATIVA DE ASSISTÊNCIA À SAÚDE ODONTOLÓGICA LTDA;MG;195610195.36;123569.30;557019.85
ASSOCIACAO DE SAUDE HOLAMBRA;SP;189034201.36;15294.03;209131.99
RESOLVE ADMINISTRADORA DE BENEFÍCIOS LTDA;PI;183537680.80;272311.10;771632.45
MEDIC GLOBAL PLANOS DE SAÚDE LTDA.;MG;180202602.88;108555.78;481878.62
VOCÊ TOTAL PLANOS DE SAÚDE LIMITADA;SP;179998559.04;167752.62;677121.70
UNIODONTO DO SUL GOIANO COOPERATIVA ODONTOLOGICA;GO;178918663.36;157915.85;490653.39
UNIODONTO DE JUNDIAÍ COOPERATIVA ODONTOLÓGICA;SP;175484654.72;105396.19;395870.71
ASSOCIAÇÃO SAÚDE RURAL ALEGRETE;RS;173111257.28;174683.41;545400.73
CONFIANÇA ASSISTÊNCIA MÉDICO HOSPITALAR LTDA;MG;166956823.92;127838.30;518280.90
PLAMESC PLANOS DE SAÚDE LTDA;RJ;164645986.56;127139.76;488463.18
ODONT-OPERADORA ODONTOLOGICA LTDA;SP;163797638.88;113590.60;463470.97
TELOS - FUNDAÇÃO EMBRATEL DE SEGURIDADE SOCIAL;RJ;163513744.96;111461.31;534970.53
ASSOCIACAO POLICIAL DE ASSISTENCIA A SAUDE DE ITAPETININGA;SP;160019395.04;130521.53;537062.94
S1 OPERADORA DE PLANO DE SAÚDE LTDA;DF;157636456.96;12859.88;208889.42
BLUZZ SAÚDE S/A;ES;154910226.08;130836.34;552504.77
PD BRASIL ASSISTENCIA ODONTOLOGICA LTDA;MG;153980417.60;129941.28;443647.01
FUNDO DE ASSISTÊNCIA MÉDICO-HOSPITALAR DO MINISTÉRIO PÚBLICO;MS;151551529.28;167275.42;506710.61
CAIXA DE ASSISTÊNCIA À SAÚDE DOS TRABALHADORES NAS INDÚSTRIAS METALÚRGICAS, MECÂNICAS E DO MATERIAL ELÉTRICO DE BRUSQUE;SC;151171364.00;165758.07;673957.74
UNIODONTO DE ARARAQUARA COOPERATIVA ODONTOLÓGICA;SP;149851250.72;93950.63;406537.05
DENTAL CENTER LTDA;PB;148252336.00;93890.02;445400.67
CARING SAÚDE ASSISTÊNCIA MÉDICA LTDA.;RJ;147203573.60;176291.70;558898.94
COMSEDER - COOPERATIVA DE ASSISTÊNCIA MÉDICA DOS SERVIDORES DA SUPLAN E DO DER LTDA;PB;146995369.92;144254.53;516712.32
EXCELÊNCIA PLANO DE SAÚDE S/A;ES;146969457.28;120863.04;497327.21
NOSAMED ASSISTÊNCIA MÉDICA LTDA.;SP;145816490.72;109718.95;445995.30
RODRIGUES LEIRA ODONTOLOGIA LTDA.;SP;145628188.32;112890.07;431555.88
ASSOCIAÇÃO UNIVIDA SANTA RITA DO PASSA QUATRO;SP;142872373.92;97324.51;395714.30
SOCIEDADE DE ASSISTÊNCIA MÉDICA - SAMEISA;RS;142010516.00;156399.25;750531.57
ASSOCIAÇÃO DO FISCO DE ALAGOAS;AL;140046406.48;103202.95;853838.84
UNIMED NORTE/NORDESTE-FEDERAÇÃO INTERFEDERATIVA DAS SOCIEDADES COOPERATIVAS DE TRABALHO MÉDICO EM RECUPERAÇÃO JUDICIAL;PB;137612129.92;78322.21;835984.72
UNIODONTO MARINGA COOPERATIVA ODONTOLOGICA;PR;136195305.28;90615.64;351393.96
PLENUM ASSISTENCIA MEDICA  LTDA;DF;135122236.96;270244.47;817621.14
COOPERATIVA ODONTOLÓGICA POÇOS DE CALDAS;MG;134860382.88;85246.77;384357.38
PLANO VIDA SAUDE SERVIÇOS ODONTOLOGICOS LTDA;SE;134221435.76;97971.85;412326.29
PLANO DE ASSISTÊNCIA MÉDICA MINEIRA LTDA;MG;133774269.92;119228.40;403119.10
VALE PLANOS DE SAÚDE LTDA;PE;132782689.36;136467.31;493395.15
UNIODONTO VALE HISTORICO COOPERATIVA ODONTOLOGICA;SP;132595621.44;99846.10;389152.45
ASSOCIAÇÃO POLICIAL DE ASSISTENCIA À SAUDE DE SAO JOAO DA BOA VISTA;SP;131016347.52;138202.90;580767.76
UNIMED CAJAZEIRAS - SOCIEDADE COOPERATIVA DE TRABALHO MÉDICO;PB;130820937.60;104489.57;455708.51
DENTAL PLUS CONVÊNIO ODONTOLÓGICO LTDA.;SP;127820128.32;10424.94;123406.61
DONA SAÚDE CLINICAS LTDA ;SP;127079049.60;26725.35;291006.32
SAMIG - SERV. DE ASSISTENCIA MEDICA DA ILHA DO GOVERNADOR LTDA;RJ;126522413.92;93236.86;338483.90
HOSPITAL S.P. LTDA.;RS;126134520.00;101639.42;585451.61
CAMIM OPERADORA DE PLANO DE SAÚDE LTDA;RJ;125803198.80;128239.75;390810.27
DENTAL MASTER LTDA - EPP;AL;125339304.88;102234.34;399974.92
DENTAL GOLD ASSISTÊNCIA ODONTOLÓGICA LTDA.;PB;122059442.08;98039.71;396617.50
INNOVA PLANO DE SAUDE LTDA;RO;120272981.28;142503.53;635779.53
UNIODONTO DE PRESIDENTE PRUDENTE COOPERATIVA ODONTOLOGICA;SP;118983872.80;79375.50;344832.61
ASSOCIAÇÃO POLICIAL DE ASSISTÊNCIA À SAÚDE DE BARRETOS;SP;116931581.84;9567.30;127619.50
HSMED SAUDE LTDA;RJ;116871501.92;9455.62;145380.34
UNIODONTO ESPIRITO SANTO COOPERATIVA ODONTOLOGICA;ES;115365142.72;77478.27;322548.24
UNIODONTO JACAREÍ COOPERATIVA ODONTOLÓGICA;SP;113501694.56;75266.38;280539.46
ASSOCIACAO CIVIL PRÓ-SAÚDE DOS SERVIDORES DA UNIVERSIDADE ESTADUAL DE PONTA GROSSA;PR;112218381.92;60527.71;353971.70
UNIODONTO DE LONDRINA COOP. ODONTOLÓGICA;PR;112105068.00;65329.29;267962.50
COOPERATIVA ODONTOLÓGICA DO ESTADO DO AMAPÁ;AP;109031010.40;65366.31;304044.34
ODONTOLIVE OPERADORA DE PLANOS ODONTOLÓGICOS LTDA.;SP;108390149.44;99440.50;395214.71
PLANO DE ASSISTÊNCIA ODONTOLÓGICA FAUCHARD LTDA. ME;BA;103785598.56;87435.21;319948.44
ASSOCIAÇÃO DOS SERVIDORES PÚBLICOS DA ADMINISTRAÇÃO DIRETA DO GOVERNO DO ESTADO DO PARÁ - ASPARÁ;PA;103456415.36;91635.44;360587.38
VOCÊ CLUBE DE BENEFÍCIOS SOCIAIS, SAÚDE E ODONTOLÓGICO LTDA;SP;101903310.24;92053.58;1136125.40
ASSOCIAÇÃO HOSPITAL SAÚDE DE VARGEM GRANDE DO SUL;SP;99753114.72;115588.78;346986.10
HOSPITAL DE CARIDADE SÃO VICENTE DE PAULO;PR;99431658.88;119365.74;670768.78
SERVIX ADMINISTRADORA DE BENEFÍCIOS LTDA;DF;98785860.16;96754.03;502106.40
UNIODONTO RS FEDERACAO DAS UNIODONTOS DO RGS LTDA;RS;97169472.80;70617.35;284431.13
ASSOCIAÇÃO DOS FISCAIS DE TRIBUTOS ESTADUAIS DO RS - AFISVEC;RS;96790989.92;43717.70;214773.79
SALUPLAN ADMINISTRADORA DE BENEFÍCIOS LTDA;SP;93875654.24;7643.35;117571.24
CAIXA BENEFICENTE DOS FUNCIONÁRIOS DO GRUPO IGUAÇU;PR;93679200.00;80757.93;349200.39
ASSOCIAÇÃO POLICIAL DE ASSISTÊNCIA À SAÚDE DE PRESIDENTE VENCESLAU;SP;89715663.52;77407.82;384188.59
UNIMED VALE DO URUCUIA - COOPERATIVA DE TRABALHO MEDICO LTDA;MG;88932432.80;57636.05;519837.00
ASSOCIAÇÃO POLICIAL DE ASSISTÊNCIA À SAÚDE APAS;SP;87876867.84;79168.35;313712.11
MH VIDA - OPERADORA DE PLANOS DE SAÚDE LTDA;RJ;87706866.24;82898.74;306233.00
ASSOCIAÇÃO POLICIAL DE ASSISTÊNCIA À SAÚDE DE JAÚ;SP;86029400.96;76811.97;328496.91
ASSOCIAÇÃO POLICIAL DE ASSISTENCIA A SAUDE DE BOTUCATU;SP;85712646.40;83540.59;365850.98
MAXMED ADMINISTRADORA DE BENEFICIOS LTDA;SP;84954077.44;73362.76;282395.92
QUALIDONTO - QUALIDADE EM ODONTOLOGIA LTDA ;BA;83813053.92;83729.32;306061.76
SEPACO SAÚDE LTDA;SP;83800791.68;79432.03;320049.24
COOPERATIVA DE TRABALHO ODONTOLOGICO - UNIODONTO ITAJUBÁ;MG;81376475.68;57307.38;225091.37
SALUSMED OPERADORA DE PLANOS DE SAUDE LTDA;SP;80721339.84;76731.31;248993.66
BENEFIT ADMINISTRADORA DE BENEFÍCIOS LTDA.;SP;79762663.36;103052.54;414851.44
ASSOCIAÇÃO POLICIAL DE ASSISTÊNCIA À SAÚDE DE DRACENA;SP;78827180.96;77054.92;320493.75
ASSOCIAÇÃO PADRE PIO PLANOS DE SAÚDE;SP;78416531.60;81008.81;352538.66
UNIODONTO DE MATO GROSSO COOP TRAB ODONTOLOGICO LTDA;MT;77826259.28;53821.76;197241.05
BCI ADMINISTRADORA DE BENEFÍCIOS LTDA.;SP;75379131.52;6137.37;165312.27
UNIODONTO DE PINDAMONHANGABA COOP ODONTOLOGICA;SP;75314202.56;51129.80;208824.65
CAIXA DE ASSISTÊNCIA DOS EMPREGADOS DO SETOR PÚBLICO DO ESTADO DE GOIÁS - CAEME;GO;69415360.72;82735.83;319247.24
BIORAL SISTEMA ODONTOLÓGICO LTDA.;SP;68857075.20;61424.69;489030.18
PRESERVE SAUDE ASSISTENCIA MEDICA LTDA;BA;68341220.96;46841.14;240360.99
ASSOCIAÇÃO SERVIÇOS ODONTOLÓGICOS DA INDÚSTRIA DE MINAS GERAIS - ODONTOINDUSTRIA;MG;67494144.72;122940.15;354495.84
ZURICH SANTANDER BRASIL ODONTO LTDA.;SP;66092619.52;64105.35;3951907.04
PLURICLUB ADMINISTRADORA DE BENEFÍCIOS LTDA.;SP;65982500.64;92025.80;232279.71
SORRIDEN CONVÊNIOS ODONTOLÓGICOS S.A.;SP;62424589.44;50875.79;242910.71
A.P.S. ADMINISTRADORA DE BENEFÍCOS LTDA.;SP;61563936.32;69095.33;300823.21
CROWN ODONTOLOGIA DE GRUPO LTDA;SP;60974647.36;41507.59;147636.49
ÔNIX OPERADORA DE PLANOS DE SAÚDE LTDA;RJ;59845545.84;47914.77;277172.05
ASSOCIAÇÃO POLICIAL DE ASSISTÊNCIA À SAÚDE - VALE DO RIBEIRA;SP;59300402.56;57629.16;222973.36
UNIODONTO DE SERTAOZINHO SP COOPERATIVA ODONTOLOGICA;SP;59130609.12;10159.90;104543.76
ASSOCIACAO DOS SERVIDORES DA EMDAGRO - ASSEM;SE;58231042.64;93468.77;316191.06
ARL ADMINISTRADORA DE BENEFÍCIOS LTDA.;SP;56417529.12;56929.90;198473.58
UNICOR ADMINISTRADORA DE BENEFICIOS LTDA;MG;53473081.60;45742.58;152423.63
CASA DE SAÚDE NOSSA SENHORA DE FÁTIMA  LTDA.;CE;52342984.32;67452.30;185546.16
FUNDO DE ASSISTÊNCIA À SAÚDE DOS FUNCIONÁRIOS DO BEC;CE;47296256.32;41270.73;240310.38
UNIMED VALE DO PARAÍBA - FEDERAÇÃO INTRAFEDERATIVA DAS COOPERATIVAS MÉDICAS;SP;46881828.80;28022.61;511547.60
PORTO DIAS SAUDE LTDA.;PA;46837329.28;57258.35;198739.35
UNIMED PARAIBA - FEDERAÇAO DAS SOCIEDADES COOPERATIVAS DE TRABALHO MEDICO;PB;46331725.12;54507.91;154029.68
ASSOC DE ASSIST À SAÚDE DOS SERV DAS UNIV E INST FED, EST E/OU FAC PART EM PE;PE;45079059.84;58392.56;226972.17
EVO SAUDE ASSISTENCIA MEDICA LTDA;DF;43548640.24;43160.20;295444.55
HEALTH-MED SISTEMA DE SAUDE LTDA;RJ;43088857.28;3486.15;49354.16
PREVENT SENIOR CORPORATE OPERADORA DE SAÚDE LTDA.;SP;43069893.60;57734.44;349571.46
SAME-SERVIÇO DE ASSISTÊNCIA MÉDICA EMPRESARIAL LTDA.;MA;41821826.08;47578.87;174819.54
PLANO SIGMA SAÚDE LTDA;SP;39652592.72;7821.02;68872.69
POLIMÉDICA SAÚDE SOCIEDADE SIMPLES LTDA;RS;39546993.12;33945.92;171101.06
ODONTO PRIME S/S LTDA;CE;38734654.88;72946.62;179129.97
CENTRO DE ENDOCRINOLOGIA DE JUNDIAÍ S/S LTDA;SP;38304010.08;7826.73;74829.08
NOVAMED PLANOS DE SAUDE LTDA;GO;35494226.72;755196.31;1026110.59
VIVER SAUDE LTDA;RN;34124805.92;139855.76;431603.71
MEDHEALTH PLANOS DE SAÚDE LTDA;PR;32992919.28;28565.30;363790.64
QUALI ADMINISTRADORA DE BENEFÍCIOS S/A;ES;32771793.28;80323.02;1317694.28
BRASIL ODONTO OPERADORA DE PLANOS ODONTOLÓGICOS LTDA;TO;32679346.88;27507.87;115937.34
NOVODENTE S/A;RS;31575906.24;10202.23;95408.31
SAUDIA ASSISTENCIA MÉDICA LTDA;MG;31221841.44;23760.91;426749.39
INFINITY SAÚDE SUPLEMENTAR LTDA;MT;30494893.12;33327.75;114999.62
ALMA ODONTO OPERADORA DE PLANOS ODONTOLOGICOS LTDA;SP;30405174.56;2459.97;50544.02
SISTEMA PREVSAUDE DENTAL LTDA;CE;29534232.00;2389.50;28566.80
REAL GRANDEZA SAÚDE;RJ;27168692.80;82329.37;113821.54
EGRÉGORA  ADMINISTRADORA DE BENEFICIOS S/A;ES;25004131.52;78877.39;289946.18
ASSISTÊNCIA MÉDICA 12 DE OUTUBRO LTDA;SP;22851711.36;1866.06;21529.88
UNIMED ALTO PARANAIBA COOPERATIVA DE TRABALHO MEDICO;MG;22598823.84;12396.50;80345.77
G & M ASSESSORIA MEDICA EMPRESARIAL LTDA;RJ;21860437.60;17390.96;59472.13
QUALITY GOLD SAÚDE ADMINISTRADORA DE PLANOS DE SAÚDE LTDA-ME;RJ;21400852.32;23312.48;230454.06
ESPLENDOR ADMINISTRADORA DE BENEFÍCIOS LTDA.;DF;20916522.72;1872.23;30432.32
SAUDE FACIL PLANOS DE SAUDE LTDA;RJ;20801994.72;442595.63;622637.63
LEXUS ADMINISTRADORA DE BENEFICIOS LTDA;SP;20316308.32;22035.04;181804.78
ELITE SAUDE SERVICOS MEDICOS LTDA.;SP;20129373.12;2477.77;50669.55
SAGRADA SAÚDE ASSISTÊNCIA MÉDICA LTDA;MG;19493681.36;1577.16;47593.18
PLAMEDH - PLANO DE ASSISTÊNCIA MÉDICO-HOSPITALAR LTDA;MG;17726043.20;34486.47;97229.03
AIRES OPERADORA DE SAUDE LTDA;PE;16619592.80;23440.89;143475.43
LIVRI OPERADORA DE PLANO DE SAÚDE LTDA;SP;15596531.84;14996.67;100264.98
ODILE SERVIÇOS DE SAÚDE LTDA.;SP;14898448.00;19759.21;1995812.60
UP SOLUÇÕES EM SAÚDE LTDA ;SP;14141394.08;74038.71;166728.86
CLÍNICA SÃO GABRIEL S/S LTDA;SP;13512611.84;1100.20;9990.20
BEMSTAR ASSISTENCIA MEDICA LTDA;BA;13144214.88;16307.96;84111.62
LIFE CLASS ADMINISTRADORA DE BENEFICIOS LTDA.;SP;12533433.12;16383.57;76514.95
VCT PLANOS DE SAUDE LTDA;MG;10244959.92;22032.17;91610.03
NEXO - ADMINISTRADORA DE BENEFICIOS LTDA;SP;10105162.08;822.76;9999.43
CLICSAUDE ADMINISTRADORA DE BENEFICIOS LTDA;SP;9986667.20;17159.22;81051.94
MUITO MAIS SAÚDE ADMINISTRADORA DE BENEFÍCIOS;RJ;9884357.28;14953.64;114690.83
FEBRAFITE SAUDE;DF;8913025.60;28938.39;124140.16
SAUDE SALV ASSISTENCIA MEDICA LTDA;RO;7232814.40;21785.59;110339.26
AMPLITUDE PLANOS DE SAUDE LTDA ;MG;5229933.12;425.13;7485.19
CASE - CENTRAL DE ADMINISTRAÇÃO DE PLANO DE SAÚDE LTDA;RJ;5164480.16;6162.86;306115.15
AP ADMINISTRAÇÃO DE BENEFICIOS - SOCIEDADE SIMPLES UNIPESSOAL LIMITADA;SP;3609912.80;9678.05;23702.17
PRO-SAUDE JARINU ASSISTENCIA MEDICA SUPLEMENTAR LTDA.;SP;3551129.20;290.55;5864.85
UNIVIDA USA OPERADORA EM SAUDE S/A;SP;1984129.60;162.30;102496.59
SOCIODONTO PLANO DE ASSISTÊNCIA ODONTOLÓGICA LTDA;MG;1944974.56;236.04;7576.88
LIKE DENTAL PLANOS ODONTOLÓGICOS SS LTDA;PR;1578708.48;3645.98;24932.65
INTERVIDA ADMINISTRADORA DE BENEFÍCIOS LTDA;SP;1507744.16;2711.77;7492.90
SALUTY ADMINISTRADORA DE BENEFICIOS LTDA;RJ;1473631.20;4059.59;16113.49
VIVER BEM ADMINISTRADORA DE BENEFÍCIOS LTDA;RJ;1153938.64;3617.36;24787.85
BIT LIFE BENEFÍCIOS LTDA;SP;817059.52;66.54;2552.34
INTEGRA ADMINISTRADORA DE BENEFICIOS LTDA;GO;795984.00;4233.96;5852.71
BEDOIS SERVIÇOS DE ADMINISTRAÇÃO DE BENEFÍCIOS LTDA.;RJ;610002.24;2033.34;4447.33
INTERCLINICAS PLANO VIDA USA OPERADORA DE SAUDE LTDA;SP;163587.52;13.38;63351.53
PLAMEDH PLANOS DE SAÚDE LTDA;MG;82902.24;782.10;4009.35
MAXIMED PLANOS DE SAUDE LTDA;RJ;33357.44;219.46;98618.34
FOX SAÚDE ASSISTÊNCIA MÉDICA INTEGRADA LTDA;PE;32584.80;307.40;507394.42
SAUDE VIVA ADMINISTRADORA DE BENEFICIOS LTDA;SP;26396.48;2.37;2064.71
ESPERANÇA OPERADORA DE PLANOS DE SAÚDE LTDA;RJ;5155.52;109.69;85.92
UNIÃO HOSPITAIS DE PERNAMBUCO LTDA;PE;3541.60;75.35;73.00
INTEGRALCARE PLANOS DE SAUDE LTDA;BA;48.00;0.36;0.48
SAUDE INTEGRAL ASSISTENCIA MEDICA LTDA;BA;48.00;0.20;0.40
VITACARE PLANOS DE SAUDE LTDA;BA;32.00;0.24;0.43
MEDICAL LIFE PLANOS DE SAÚDE LTDA;BA;32.00;0.41;0.50
RAMED ADMINISTRADORA DE BENEFICIOS LTDA.;SP;-754.88;-2.23;5787.67
UNIC ASSISTENCIA MEDICA LTDA;SP;-10000.00;-156.25;717.55
TOTAL SAUDE  ADMINISTRADORA DE BENEFICIOS EIRELI;ES;-25680.00;-3.50;171.63
SANUS ADMINISTRADORA DE BENEFÍCIOS LTDA;ES;-190647.28;-439.28;12669.81
AMAZIL ASSISTENCIA MEDICA DO BRASIL LTDA;RJ;-219996.48;-766.54;38097.18
ATIMED ASSISTENCIA MEDICA LTDA;SP;-538940.96;-132.03;34266.17
HEALTH ADMINISTRADORA DE BENEFICIOS LTDA;SP;-884112.96;-203.85;3457.70
GESTAO VIDA ADMINISTRADORA DE BENEFICIOS LTDA.;SP;-1596484.48;-3000.91;87103.37
EVOLUÇÃO ADMINISTRADORA DE BENEFICIOS LTDA ;MG;-2904525.20;-5388.73;1073306.60
SALVE SAÚDE ADMINISTRADORA DE BENEFÍCIOS LTDA;RJ;-3402746.88;-5147.88;257697.82
CENTRAL OPERADORA DE PLANOS DE SAÚDE NORTE-NORDESTE LTDA;PB;-6754402.40;-8560.71;212560.52
SMART CARE SISTEMAS MÉDICOS E ODONTOLÓGICOS LTDA.;SP;-7420921.28;-906.32;103810.97
CEAM BRASIL - PLANOS DE SAÚDE LTDA;MG;-28116513.92;-48560.47;687249.45
VITTA SAUDE ADMINISTRADORA DE BENEFICIOS LTDA.;SP;-39391683.68;-55954.10;566340.52
YOU ASSISTÊNCIA MÉDICA LTDA.;MG;-81584963.68;-313788.32;1086054.70
